Workbook
Name _16_Aug_2014: M.Menu!#REF!
Name _16_Aug_2014: M.Menu!#REF!
Name _16_Aug_2014: '[1]ISPS csv File Definition'!$L$13
Name _16_Aug_2014: M.Menu!#REF!
Name _16_Aug_2014: M.Menu!#REF!
Name a: [2]DATA!#REF!
Name a: [2]DATA!#REF!
Name a: [2]DATA!#REF!
Name a: [2]DATA!#REF!
Name a: [2]DATA!#REF!
Name a: [2]DATA!#REF!
Name aa: #REF!
Name aa: #REF!
Name aa: #REF!
Name aa: #REF!
Name aa: #REF!
Name aa: #REF!
Name aa: #REF!
Name aa: #REF!
Name ABMUSTERE: #REF!
Name ABMUSTERE: #REF!
Name ABMUSTERE: #REF!
Name ABMUSTERE: #REF!
Name ABMUSTERE: #REF!
Name ABMUSTERE: #REF!
Name ABMUSTERE: #REF!
Name ABMUSTERE: #REF!
Name Agent: '[3]SHIP PARTICULARS'!$D$9
Name Agent_Adress_1: '[3]SHIP PARTICULARS'!$D$10
Name Agent_Adress_2: '[3]SHIP PARTICULARS'!$D$11
Name Agent_Adress_3: '[3]SHIP PARTICULARS'!$D$12
Name Agents: #REF!
Name Agents: #REF!
Name Agents: #REF!
Name Agents: #REF!
Name Agents: #REF!
Name Agents: #REF!
Name Agents: #REF!
Name Agents: #REF!
Name ALLOT: #REF!
Name ALLOT: #REF!
Name ALLOT: #REF!
Name ALLOT: #REF!
Name ALLOT: #REF!
Name ALLOT: #REF!
Name ALLOT: #REF!
Name ALLOT: #REF!
Name ALLOT_: #REF!
Name ALLOT_: #REF!
Name ALLOT_: #REF!
Name ALLOT_: #REF!
Name ALLOT_: #REF!
Name ALLOT_: #REF!
Name ALLOT_: #REF!
Name ALLOT_: #REF!
Name ANDERE_: #REF!
Name ANDERE_: #REF!
Name ANDERE_: #REF!
Name ANDERE_: #REF!
Name ANDERE_: #REF!

Sheet M.Menu
A1: 0 | B1: IMO Port Clearance Documents
B2: VESSEL'S BASIC INFORMATION
B3: Vessel Name | E3: Energy Endurance | J3: IMO No. | L3: 9948695 | R3: Gross Tonnage | S3: 111089
B4: Call Sign | E4: V7A7282 | J4: Port Registry | L4: Majuro | R4: Net Tonnage | S4: 33327
B5: Vessel Type | E5: LNG/C | J5: Date Registry | L5: 45630 | R5: Classification | S5: Lloyd's Register
B6: Owner | E6: Markoni Navigation S.A. | J6: Official Registry No. | L6: 10699 | R6: Trading Area | S6: WORLDWIDE
B7: Operator | E7: Alpha Gas S.A. | J7: Year Build | L7: 2024 | R7: No. of Crew | S7: =COUNT('DataBase (IMO form)'!B8:B35) -> 28
B8: Charterers | E8: NFE Transport Partners LLC | J8: Nationality | L8: Marshall Islands | R8: No. of Passengers | S8: 0
J9: Suez Canal ID | L9: 6026048 | R9: Panama Canal SIN | S9: 6026048
B10: VOYAGE's Basic Details
B11: Last Port | E11: BARCARENA | J11: Arrival Port | L11: Sabine Pass | R11: Next Port | S11: BARCARENA
B12: Country | E12: BRAZIL | J12: Country | L12: U.S.A. | R12: Country | S12: BRAZIL
B13: Arrival Date | E13: 46081 | J13: Arrival Date | L13: 46106 | P13: 20/04 | R13: Present Voyage No. | S13: VOY16
B14: Departure Date | E14: 46084 | J14: Departure Date | R14: Departure Voyage No. | S14: VOY15
B15: Cargo Operation | E15: DISCHARGING | I15: Discharging | J15: Cargo Operation | L15: LOADING | R15: Name of Master | S15: CAPT. WENDT ROBERT
B16: Description of Cargo | E16: LNG | J16: Description of Cargo | L16: LNG | R16: Signature | S16: CAPT. WENDT ROBERT
B18: DOCUMENT/s Required on Arrival as per FairPlay/Agent
O20: Vessel's Agent
O21: Address
O22: Contact Details
S23: 360-734-5194 | T23: 360-734-5194 | U23: 360-734-5194
H26: ` | R26: No.529 Lanshan East Road,Lanshan District,Rizhao City,China Post Code:276808

Sheet DataBase (IMO form)
B6: No. | C6: Rank | D6: Family Name | E6: Given Name | F6: Middle Initial | G6: Full Middle Name | H6: Gender Passport | I6: Date of Birth | J6: Age | K6: Place of Birth (Passport) | L6: Nationality (Passport) | M6: Country of Birth (Passport) | N6: Nationality (Singapore format) | P6: Date of SEA signed | Q6: Expiration of contract - date | R6: Contract Duration | T6: Embarkation Date | U6: Port of Embarkation | W6: Passport | Z6: U.S. Visa | AD6: National Seaman`s Book | AF6: Marshall Seaman`s Book | AI6: Marshall Endorsement Certificate Expiry Date | AJ6: Type (Original, CRA or Copy) | AL6: Cash | AO6: Crew Effects
W7: Number | X7: Expiry Date | Y7: Issuing State | Z7: Control Number | AA7: Foil Number | AB7: Expiry Date | AD7: Number | AE7: Expiry date | AF7: Number | AG7: Expiry date | AH7: Type (Original, CRA or Copy) | AL7: Dollars | AM7: Euro | AN7: Other
B8: 1 | C8: MASTER | D8: WENDT | E8: ROBERT KRZYSZTOF | H8: M | I8: 31616 | J8: =INT((P8-'DataBase (IMO form)'!I8)/365) -> 39 | K8: GDANSK | L8: POLISH | M8: POLAND | N8: POL | P8: 46030 | Q8: =DATE(YEAR(P8),MONTH(P8)+R8,DAY(P8)-1) -> 46119 | R8: 3 | S8: months | T8: 46002 | U8: DAMIETTA,EGYPT | W8: EK 0855330 | X8: 46330 | Y8: WOJEWODA, POMORSKI | Z8: 20180037080001 | AA8: N0290642 | AB8: 46754 | AD8: AA0009998 | AE8: 48277 | AF8: MH 970901 | AG8: 46896 | AH8: Original | AI8: 46419 | AJ8: Original | AO8: 2 Mobile phones, 1 Laptop, 1 Watch, 1 Gold ring, 1 Necklace | AS8: Original | AT8: Original
B9: 2 | C9: CHIEF OFF | D9: THANASIS | E9: EVANGELOS | H9: M | I9: 34373 | J9: =INT((P9-'DataBase (IMO form)'!I9)/365) -> 32 | K9: KERKYRA | L9: HELLENIC | M9: GREECE | N9: GRC | P9: 46081 | Q9: =DATE(YEAR(P9),MONTH(P9)+R9,DAY(P9)-1) -> 46169 | R9: 3 | S9: months | T9: 46081 | U9: BARCARENA, BRAZIL | W9: BA8948788 | X9: 49542 | Y9: KERKYRA | AD9: E00363 | AE9: Lifetime | AH9: Original | AJ9: Original | AS9: CRA | AT9: CRA
B10: 3 | C10: TR CHIEF OFF | D10: TEJU | E10: TOMA | H10: M | I10: 32970 | J10: =INT((P10-'DataBase (IMO form)'!I10)/365) -> 35 | K10: COSTANTA | L10: ROMANIAN | M10: ROMANIA | N10: ROU | P10: 46081 | Q10: =DATE(YEAR(P10),MONTH(P10)+R10,DAY(P10)-1) -> 46200 | R10: 4 | S10: months | T10: 46081 | U10: BARCARENA, BRAZIL | W10: 059130390 | X10: 47775 | Y10: CONSTANTA | AD10: 86891 | AE10: Lifetime | AH10: Original | AJ10: Original
B11: 4 | C11: 2ND OFF | D11: BUTS | E11: KOSTIANTYN | H11: M | I11: 31971 | J11: =INT((P11-'DataBase (IMO form)'!I11)/365) -> 38 | K11: UKRAINE | L11: UKRAINIAN | M11: UKRAINE | N11: UKR | P11: 46033 | Q11: =DATE(YEAR(P11),MONTH(P11)+R11,DAY(P11)-1) -> 46122 | R11: 3 | S11: months | T11: 46035 | U11: FREEPORT, BAHAMAS | W11: GL504758 | X11: 49422 | Y11: 2110 | Z11: 20202627470005 | AA11: R7110556 | AB11: 47743 | AD11: 8600199276 | AE11: 49120 | AF11: MH 904486 | AG11: 46643 | AH11: Original | AI11: 47306 | AJ11: Original | AO11: 3 Mobile phones, 1 Laptop, 3HDD, 3 USB,1 Headphones | AS11: Copy | AT11: Copy
A12: 07 | B12: 5 | C12: 3RD OFF | D12: STAMATIOU | E12: VASILEIOS | H12: M | I12: 37225 | J12: =INT((P12-'DataBase (IMO form)'!I12)/365) -> 24 | K12: MAROUSI | L12: HELLENIC | M12: GREECE | N12: GRC | P12: 46063 | Q12: =DATE(YEAR(P12),MONTH(P12)+R12,DAY(P12)-1) -> 46151 | R12: 3 | S12: months | T12: 46063 | U12: ALTAMIRA, MEXICO | W12: AY1388281 | X12: 48562 | Y12: N.P.C. | AD12: AA 61439 | AE12: Lifetime | AF12: MH 956958 | AG12: 46870 | AH12: Original | AJ12: Original | AO12: 2 Mobile phones, 1 Watch, 1 HDD, 3 USB, 1 Hairclipper | AS12: N/A | AT12: N/A
B13: 6 | C13: 3RD OFF | D13: KOUIMOV | E13: ENTOUARNT OR EDUARD | H13: M | I13: 36547 | J13: =INT((P13-'DataBase (IMO form)'!I13)/365) -> 26 | K13: NAKHODKA | L13: HELLENIC | M13: RUSSIA | N13: GRC | P13: 46042 | Q13: =DATE(YEAR(P13),MONTH(P13)+R13,DAY(P13)-1) -> 46131 | R13: 3 | S13: months | T13: 46042 | U13: GALVESTON, USA | W13: AY4667152 | X13: 48777 | Y13: N.P.C. | Z13: 20190711170001 | AA13: N9856302 | AB13: 47188 | AD13: AA 60496 | AE13: Lifetime | AF13: MH 981628 | AG13: 47003 | AH13: Original | AO13: 2 Mobile phones, 1 Watch, 1 HDD, 3 USB, 1 Hairclipper
B14: 7 | C14: DECK CADET | D14: CHATZIDIMITRIOU | E14: MARIA | H14: F | I14: 37644 | J14: =INT((P14-'DataBase (IMO form)'!I14)/365) -> 23 | K14: THESSALONIKI | L14: HELLENIC | M14: GREECE | N14: GRC | P14: 46042 | Q14: =DATE(YEAR(P14),MONTH(P14)+R14,DAY(P14)-1) -> 46131 | R14: 3 | S14: months | T14: 46042 | U14: GALVESTON, USA | W14: AT5546138 | X14: 46511 | Y14: N.P.C. | Z14: 20253082630001 | AA14: W2601140 | AB14: 49618 | AD14: ST 39373 | AE14: Lifetime | AF14: MH 1101404 | AG14: 47560 | AH14: Original | AO14: 2 Mobile phones, 1 Watch,1 Laptop
A15: 26- | B15: 8 | C15: CHIEF ENG | D15: PETROPOULOS | E15: CHRISTOS | H15: M | I15: 24483 | J15: =INT((P15-'DataBase (IMO form)'!I15)/365) -> 58 | K15: KOZANI | L15: HELLENIC | M15: GREECE | N15: GRC | P15: 46005 | Q15: =DATE(YEAR(P15),MONTH(P15)+R15,DAY(P15)-1) -> 46094 | R15: 3 | S15: months | T15: 46006 | U15: KALOI LIMENES,GREECE | W15: BA2822002 | X15: 49133 | Y15: H.P.H./P.S.D.D. | Z15: 20250179440001 | AA15: v2048085 | AB15: 49325 | AD15: CY278178 | AE15: 46683 | AF15: MH 859292 | AG15: 46488 | AH15: Original | AI15: 46345 | AJ15: Original | AO15: 1 Laptop, 1 Mobile phone
A16: 26- | B16: 9 | C16: 2ND ENG | D16: SYTNYK | E16: YEVGENIY | H16: M | I16: 32852 | J16: =INT((P16-'DataBase (IMO form)'!I16)/365) -> 35 | K16: ODESSA | L16: UKRAINIAN | M16: UKRAINE | N16: UKR | P16: 45979 | Q16: =DATE(YEAR(P16),MONTH(P16)+R16,DAY(P16)-1) -> 46070 | R16: 3 | S16: months | T16: 45980 | U16: SABINE PASS, USA | W16: GD461450 | X16: 48424 | Y16: 5116 | Z16: 20202200040007 | AA16: P7109132 | AB16: 47701 | AD16: AB 676379 | AE16: 46128 | AF16: MH 11469449 | AG16: 47798 | AH16: Original | AI16: 46064 | AJ16: CRA | AO16: 1 Mobile phone, 1 Laptop, 2 HDD
B17: 10 | C17: 3RD ENG | D17: KACHUR | E17: MYKOLA | H17: M | I17: 35418 | J17: =INT((P17-'DataBase (IMO form)'!I17)/365) -> 29 | K17: UKRAINE | L17: UKRAINIAN | M17: UKRAINE | N17: UKR | P17: 46033 | Q17: =DATE(YEAR(P17),MONTH(P17)+R17,DAY(P17)-1) -> 46122 | R17: 3 | S17: months | T17: 46035 | U17: FREEPORT, BAHAMAS | W17: FS151214 | X17: 46978 | Y17: 6512 | Z17: 20180023650001 | AA17: N0085660 | AB17: 46753 | AD17: AA 1002553 | AE17: 47308 | AF17: MH 77412 | AG17: 46091 | AH17: Original | AI17: 47093 | AJ17: Original | AO17: 2 Mobile phones,1 Laptop, 1 shaver, 1 HDD, 1 SSD, I USB, 1 erigator
B18: 11 | C18: 3RD ENG | D18: COLEASA | E18: STEFAN CIPRIAN | H18: M | I18: 33966 | J18: =INT((P18-'DataBase (IMO form)'!I18)/365) -> 33 | K18: CONSTANTA | L18: ROMANIAN | M18: ROMANIA | N18: ROU | P18: 46063 | Q18: =DATE(YEAR(P18),MONTH(P18)+R18,DAY(P18)-1) -> 46151 | R18: 3 | S18: months | T18: 45912 | U18: ALTAMIRA, MEXICO | W18: 063513795 | X18: 48638 | Y18: CONSTANTA | AD18: 31553CT | AE18: 46583 | AH18: Original | AJ18: Original | AO18: 2 Mobile phones, 1 Laptop, 1 HDD, 1 SSD, 3 USB, 2 Wrist watch, 1 Hairclipper, 1 Powerbank, 3 Flashlights
B19: 12 | C19: 4TH ENG | D19: LOFTSALIS | E19: APOSTOLOS | H19: M | I19: 37555 | J19: =INT((P19-'DataBase (IMO form)'!I19)/365) -> 23 | K19: KOZANI | L19: HELLENIC | M19: GREECE | N19: GRC | P19: 46042 | Q19: =DATE(YEAR(P19),MONTH(P19)+R19,DAY(P19)-1) -> 46072 | R19: 1 | S19: months | T19: 46042 | U19: GALVESTON, USA | W19: BB0444273 | X19: 49626 | Y19: H.P.H./P.S.D.D. | Z19: 20250566280001 | AA19: V2048763 | AB19: 49364 | AD19: ST39185 | AE19: Lifetime | AF19: MH 1024999 | AG19: 47203 | AH19: Original | AO19: 2 Mobile phones, 1 Laptop, 2 Watches, 2 HDD, 1 Gold Ring,
B20: 13 | C20: GAS ENG | D20: YEMELIANOV | E20: RICHARD | H20: M | I20: 32955 | J20: =INT((P20-'DataBase (IMO form)'!I20)/365) -> 35 | K20: UKRAINE | L20: UKRAINIAN | M20: UKRAINE | N20: UKR | P20: 46035 | Q20: =DATE(YEAR(P20),MONTH(P20)+R20,DAY(P20)-1) -> 46124 | R20: 3 | S20: months | T20: 46035 | U20: FREEPORT, BAHAMAS | W20: FJ899634 | X20: 46699 | Y20: 5101 | Z20: 20173258560001 | AA20: M7306443 | AB20: 46711 | AD20: AB623826 | AE20: 46685 | AF20: MH 925122 | AG20: 46741 | AH20: Original | AI20: 47468 | AJ20: Original | AO20: 1 Mobile phone, 1 Laptop, 1 HDD, 1 Hairclipper
B21: 14 | C21: SETO | D21: GIDEI | E21: NICOLAE | H21: M | I21: 27720 | J21: =INT((P21-'DataBase (IMO form)'!I21)/365) -> 50 | K21: GALATI | L21: ROMANIAN | M21: ROMANIA | N21: ROU | P21: 46042 | Q21: =DATE(YEAR(P21),MONTH(P21)+R21,DAY(P21)-1) -> 46131 | R21: 3 | S21: months | T21: 46042 | U21: GALVESTON, USA | W21: 056799980 | X21: 47104 | Y21: GALATI | Z21: 20253431690001 | AA21: W3578177 | AB21: 49651 | AD21: 4695GL | AE21: 47073 | AF21: MH 916167 | AG21: 46740 | AH21: Original | AO21: 2 Mobile phones, 1 Laptop
B22: 15 | C22: BOSUN | D22: LADINES | E22: RODOLFO JR. | H22: M | I22: 29241 | J22: =INT((P22-'DataBase (IMO form)'!I22)/365) -> 46 | K22: SAMPALOC QUEZON | L22: FILIPINO | M22: PHILIPPINES | N22: PHL | P22: 46081 | Q22: =DATE(YEAR(P22),MONTH(P22)+R22,DAY(P22)-1) -> 46353 | R22: 9 | S22: months | T22: 46081 | U22: BARCARENA, BRAZIL | W22: P9127792B | X22: 48275 | Y22: DFA LUCENA | AD22: A0495660 | AE22: 49701 | AH22: Original | AI22: N/A | AJ22: N/A | AO22: 1 Laptop, 1 Mobile phone
B23: 16 | C23: AB | D23: LUPAZ | E23: ALBERTO JR. | H23: M | I23: 34168 | J23: =INT((P23-'DataBase (IMO form)'!I23)/365) -> 32 | K23: NASIPIT AND | L23: FILIPINO | M23: PHILIPPINES | N23: PHL | P23: 46081 | Q23: =DATE(YEAR(P23),MONTH(P23)+R23,DAY(P23)-1) -> 46353 | R23: 9 | S23: months | T23: 46081 | U23: BARCARENA, BRAZIL | W23: P5223721B | X23: 47649 | Y23: DFA NCR WEST | AD23: A0482204 | AE23: 49647 | AH23: Original | AI23: N/A | AJ23: N/A | AO23: 1 Laptop, 1 Mobile phone
B24: 17 | C24: AB | D24: PALERACIO | E24: JOHN CALLED | H24: M | I24: 33759 | J24: =INT((P24-'DataBase (IMO form)'!I24)/365) -> 33 | K24: SAMPALOC QUEZON | L24: FILIPINO | M24: PHILIPPINES | N24: PHL | P24: 46081 | Q24: =DATE(YEAR(P24),MONTH(P24)+R24,DAY(P24)-1) -> 46353 | R24: 9 | S24: months | T24: 46081 | U24: BARCARENA, BRAZIL | W24: P5914768B | X24: 47825 | Y24: DFA LUCENA | AD24: A0120246 | AE24: 47862 | AH24: Original | AI24: N/A | AJ24: N/A | AO24: 1 Laptop, 1 Mobile phone
B25: 18 | C25: AB | D25: RUFON | E25: NOEL III | F25: S | G25: SUPIL | H25: M | I25: 35899 | J25: =INT((P25-'DataBase (IMO form)'!I25)/365) -> 27 | K25: QUEZON CITY | L25: FILIPINO | M25: PHILIPPINES | N25: PHL | P25: 45938 | Q25: =DATE(YEAR(P25),MONTH(P25)+R25,DAY(P25)-1) -> 46210 | R25: 9 | S25: months | T25: 45957 | U25: MUKRAN,GERMANY | W25: P3324286B | X25: 47384 | Y25: DFA NCR NORTHEAST | AD25: C1227075 | AE25: 47384 | AF25: MH 994967 | AG25: 47059 | AH25: Original | AI25: N/A | AJ25: N/A | AO25: 2 Mobile Phones, 2 Watches
B26: 19 | C26: AB | D26: CASTILLO | E26: TIMBERT | H26: M | I26: 34015 | J26: =INT((P26-'DataBase (IMO form)'!I26)/365) -> 33 | K26: BUENAVISTA MDQ | L26: FILIPINO | M26: PHILIPPINES | N26: PHL | P26: 46081 | Q26: =DATE(YEAR(P26),MONTH(P26)+R26,DAY(P26)-1) -> 46383 | R26: 10 | S26: months | T26: 46081 | U26: BARCARENA, BRAZIL | W26: P4666149B | X26: 47516 | Y26: DFA MANILA | AD26: C1195674 | AE26: 46853 | AH26: Original | AI26: N/A | AJ26: N/A | AO26: 1 Laptop, 1 Mobile phone
B27: 20 | C27: OS | D27: ACULIT | E27: MIKE LISLIE | F27: P | G27: PELLION | H27: M | I27: 35054 | J27: =INT((P27-'DataBase (IMO form)'!I27)/365) -> 29 | K27: BAGO CITY | L27: FILIPINO | M27: PHILIPPINES | N27: PHL | P27: 45826 | Q27: =DATE(YEAR(P27),MONTH(P27)+R27,DAY(P27)-1) -> 46098 | R27: 9 | S27: months | T27: 45830 | U27: WILHELMSHAVEN, GERMANY | W27: P3505092B | X27: 47401 | Y27: DFA BACOLOD | AD27: C1401071 | AE27: 47031 | AF27: MH 1065960 | AG27: 47378 | AH27: Copy | AI27: N/A | AJ27: N/A | AO27: 2 Mobile phones, 1 Speaker, 1 Watch, 1 Hairclipper, 1 Airpods
B28: 21 | C28: OS | D28: DOMONDON | E28: DEXTER | F28: S | G28: SANTOS | H28: M | I28: 36084 | J28: =INT((P28-'DataBase (IMO form)'!I28)/365) -> 27 | K28: MARIKINA CITY | L28: FILIPINO | M28: PHILIPPINES | N28: PHL | P28: 45974 | Q28: =DATE(YEAR(P28),MONTH(P28)+R28,DAY(P28)-1) -> 46065 | R28: 3 | S28: months | T28: 45980 | U28: SABINE PASS, USA | W28: P6400609A | X28: 46824 | Y28: DFA NCR WEST | Z28: 20252259030269 | AA28: V8070643 | AB28: 49532 | AD28: C1518575 | AE28: 47311 | AF28: MH 1159248 | AG28: 47807 | AH28: Original | AI28: N/A | AJ28: N/A | AO28: 2 Mobile phone, 1 HDD 1 Watch, Earrings
B29: 22 | C29: FITTER | D29: DACANAY | E29: JAYSON | F29: L | G29: LALATA | H29: M | I29: 33621 | J29: =INT((P29-'DataBase (IMO form)'!I29)/365) -> 33 | K29: SISON PANGASINAN | L29: FILIPINO | M29: PHILIPPINES | N29: PHL | P29: 45921 | Q29: =DATE(YEAR(P29),MONTH(P29)+R29,DAY(P29)-1) -> 46101 | R29: 6 | S29: months | T29: 45830 | U29: WILHELMSHAVEN, GERMANY | W29: P6556840B | X29: 47931 | Y29: DFA LA UNION | AD29: C1033223 | AE29: 46492 | AF29: MH 972208 | AG29: 46947 | AH29: Original | AI29: N/A | AJ29: N/A | AO29: 2 Mobile phones,1 Tablet, 1 Watch, 1 Hairclipper, 1 Earpods, 1 HDD, 1 Ring, 1 Wrist watch
B30: 23 | C30: MTM | D30: APID | E30: LORD BYRON | F30: A | G30: ARGONSOLA | H30: M | I30: 32630 | J30: =INT((P30-'DataBase (IMO form)'!I30)/365) -> 36 | K30: DIONISIO ILOILO | L30: FILIPINO | M30: PHILIPPINES | N30: PHL | P30: 45895 | Q30: =DATE(YEAR(P30),MONTH(P30)+R30,DAY(P30)-1) -> 46167 | R30: 9 | S30: months | T30: 45957 | U30: MUKRAN,GERMANY | W30: P6351015A | X30: 46820 | Y30: DFA MANILA | AD30: C1017743 | AE30: 46820 | AF30: MH 995403 | AG30: 47064 | AH30: Original | AI30: N/A | AJ30: N/A | AO30: 2 Mobile Phones, 1 Laptop, BT Mouse, 1 Gold ring, 2 usb, 1 HDD
B31: 24 | C31: MTM | D31: BRILLANTES | E31: FER ANN | F31: C | G31: CADIZ | H31: M | I31: 33831 | J31: =INT((P31-'DataBase (IMO form)'!I31)/365) -> 33 | K31: ILOILO CITY | L31: FILIPINO | M31: PHILIPPINES | N31: PHL | P31: 45974 | Q31: =DATE(YEAR(P31),MONTH(P31)+R31,DAY(P31)-1) -> 46065 | R31: 3 | S31: months | T31: 45980 | U31: SABINE PASS, USA | W31: P7519115A | X31: 46914 | Y31: DFA ILOILO | Z31: 20252756310225 | AA31: V8123508 | AB31: 49583 | AD31: A0106824 | AE31: 47895 | AF31: MH 879873 | AG31: 46606 | AH31: Original | AI31: N/A | AJ31: N/A | AO31: 2 Mobile Phones, 1 Laptop, 3 HDD
B32: 25 | C32: WIPER | D32: FLORES | E32: NORIEL | F32: A | G32: AMORADO | H32: M | I32: 36550 | J32: =INT((P32-'DataBase (IMO form)'!I32)/365) -> 25 | K32: P GALERA OR MDO | L32: FILIPINO | M32: PHILIPPINES | N32: PHL | P32: 45993 | Q32: =DATE(YEAR(P32),MONTH(P32)+R32,DAY(P32)-1) -> 46082 | R32: 3 | S32: months | T32: 46002 | U32: DAMIETTA,EGYPT | W32: P1950890C | X32: 48494 | Y32: DFA NCR SOUTH | Z32: 20233324880021 | AA32: T5060249 | AB32: 48910 | AD32: A0277972 | AE32: 48792 | AF32: MH 1020115 | AG32: 47180 | AH32: Original | AI32: N/A | AJ32: N/A | AO32: 2 Mobile phones, 1 Watch
B33: 26 | C33: CHIEF COOK | D33: ESTRABELA | E33: ARIES | F33: E | G33: ESPINAR | H33: M | I33: 34876 | J33: =INT((P33-'DataBase (IMO form)'!I33)/365) -> 30 | K33: BARCELONA SSG | L33: FILIPINO | M33: PHILIPPINES | N33: PHL | P33: 45950 | Q33: =DATE(YEAR(P33),MONTH(P33)+R33,DAY(P33)-1) -> 46222 | R33: 9 | S33: months | T33: 45957 | U33: MUKRAN,GERMANY | W33: P6676452B | X33: 47957 | Y33: DFA NCR EAST | Z33: 20252068330068 | AA33: V8071612 | AB33: 49533 | AD33: A0353766 | AE33: 49508 | AF33: MH 972207 | AG33: 46947 | AH33: Original | AI33: N/A | AJ33: N/A | AO33: 2 Mobile Phones, 1 Laptop, 1 BT speaker, 1HDD, 3 USB
B34: 27 | C34: ASS COOK | D34: ALLADO | E34: KEITH VINCENT | H34: M | I34: 34074 | J34: =INT((P34-'DataBase (IMO form)'!I34)/365) -> 32 | K34: SAMPALOC QUEZON | L34: FILIPINO | M34: PHILIPPINES | N34: PHL | P34: 46081 | Q34: =DATE(YEAR(P34),MONTH(P34)+R34,DAY(P34)-1) -> 46353 | R34: 9 | S34: months | T34: 46081 | U34: BARCARENA, BRAZIL | W34: P6096925B | X34: 47862 | Y34: DFA LUCENA | AD34: A0449605 | AE34: 49694 | AH34: Original | AI34: N/A | AJ34: N/A | AO34: 2 Mobile phones, 1 USB, 1 Earphones
B35: 28 | C35: MSM | D35: ABES | E35: JAMES DARWIN | F35: A | G35: ACURAM | H35: M | I35: 36409 | J35: =INT((P35-'DataBase (IMO form)'!I35)/365) -> 26 | K35: GITAGUM MIS OR | L35: FILIPINO | M35: PHILIPPINES | N35: PHL | P35: 45921 | Q35: =DATE(YEAR(P35),MONTH(P35)+R35,DAY(P35)-1) -> 46101 | R35: 6 | S35: months | T35: 45830 | U35: WILHELMSHAVEN, GERMANY | W35: P3071209C | X35: 48604 | Y35: DFA BUTUAN | AD35: A0067860 | AE35: 48424 | AF35: MH 1123766 | AG35: 47119 | AH35: Copy | AI35: N/A | AJ35: N/A | AO35: 1 Mobile phone,1 Earphone, 1 Powerbank, 1 Smartwatch, 1 Speaker, OTG

Sheet Arr Crew List IMO
B2: IMO CREW LIST
B3: IMO FAL FORM 5
L4: Page No.
F5: Arrival Departure | L5: 1/1
B6: 1.1 Name of ship | D6: =M.Menu!E3 -> Energy Endurance | F6: 2. Port of arrival/departure | I6: 3. Date of arrival/departure
B7: 1.2 IMO number | D7: 9859739 | F7: =M.Menu!L11&", "&M.Menu!L12 -> Sabine Pass, U.S.A. | I7: =M.Menu!L13 -> 46106
B8: 1.3 Call sign | D8: =M.Menu!E4 -> V7A7282 | F8: =M.Menu!E8&", "&M.Menu!E9 -> NFE Transport Partners LLC,
B9: 1.4 Voyage number | D9: =M.Menu!S13 -> VOY16
B10: 4. Flag State of ship | F10: 5. Last port of call
B11: =M.Menu!L8 -> Marshall Islands | F11: =M.Menu!E11&", "&M.Menu!E12 -> BARCARENA, BRAZIL
B12: 6. No. | C12: 7. Family name | D12: 8. Given names | E12: 9. Rank or rating | F12: 10. Nationality | G12: 11. Date of birth | H12: 12. Place of birth | J12: 13. Gender | K12: 14. Nature of identity document | L12: 15. Number of identity document | M12: 16. Issuing State of identity document | N12: 17. Expiry date of identity document
B14: ='DataBase (IMO form)'!B8 -> 1 | C14: ='DataBase (IMO form)'!D8 -> WENDT | D14: ='DataBase (IMO form)'!E8 -> ROBERT KRZYSZTOF | E14: ='DataBase (IMO form)'!C8 -> MASTER | F14: ='DataBase (IMO form)'!L8 -> POLISH | G14: ='DataBase (IMO form)'!I8 -> 31616 | H14: ='DataBase (IMO form)'!K8 -> GDANSK | I14: #REF! | J14: ='DataBase (IMO form)'!H8 -> M | K14: PASSPORT | L14: ='DataBase (IMO form)'!W8 -> EK 0855330 | M14: ='DataBase (IMO form)'!Y8 -> WOJEWODA, POMORSKI | N14: ='DataBase (IMO form)'!X8 -> 46330
B15: ='DataBase (IMO form)'!B9 -> 2 | C15: ='DataBase (IMO form)'!D9 -> THANASIS | D15: ='DataBase (IMO form)'!E9 -> EVANGELOS | E15: ='DataBase (IMO form)'!C9 -> CHIEF OFF | F15: ='DataBase (IMO form)'!L9 -> HELLENIC | G15: ='DataBase (IMO form)'!I9 -> 34373 | H15: ='DataBase (IMO form)'!K9 -> KERKYRA | I15: #REF! | J15: ='DataBase (IMO form)'!H9 -> M | K15: PASSPORT | L15: ='DataBase (IMO form)'!W9 -> BA8948788 | M15: ='DataBase (IMO form)'!Y9 -> KERKYRA | N15: ='DataBase (IMO form)'!X9 -> 49542
B16: ='DataBase (IMO form)'!B10 -> 3 | C16: ='DataBase (IMO form)'!D10 -> TEJU | D16: ='DataBase (IMO form)'!E10 -> TOMA | E16: ='DataBase (IMO form)'!C10 -> TR CHIEF OFF | F16: ='DataBase (IMO form)'!L10 -> ROMANIAN | G16: ='DataBase (IMO form)'!I10 -> 32970 | H16: ='DataBase (IMO form)'!K10 -> COSTANTA | I16: #REF! | J16: ='DataBase (IMO form)'!H10 -> M | K16: PASSPORT | L16: ='DataBase (IMO form)'!W10 -> 059130390 | M16: ='DataBase (IMO form)'!Y10 -> CONSTANTA | N16: ='DataBase (IMO form)'!X10 -> 47775
B17: ='DataBase (IMO form)'!B11 -> 4 | C17: ='DataBase (IMO form)'!D11 -> BUTS | D17: ='DataBase (IMO form)'!E11 -> KOSTIANTYN | E17: ='DataBase (IMO form)'!C11 -> 2ND OFF | F17: ='DataBase (IMO form)'!L11 -> UKRAINIAN | G17: ='DataBase (IMO form)'!I11 -> 31971 | H17: ='DataBase (IMO form)'!K11 -> UKRAINE | I17: #REF! | J17: ='DataBase (IMO form)'!H11 -> M | K17: PASSPORT | L17: ='DataBase (IMO form)'!W11 -> GL504758 | M17: ='DataBase (IMO form)'!Y11 -> 2110 | N17: ='DataBase (IMO form)'!X11 -> 49422
B18: ='DataBase (IMO form)'!B12 -> 5 | C18: ='DataBase (IMO form)'!D12 -> STAMATIOU | D18: ='DataBase (IMO form)'!E12 -> VASILEIOS | E18: ='DataBase (IMO form)'!C12 -> 3RD OFF | F18: ='DataBase (IMO form)'!L12 -> HELLENIC | G18: ='DataBase (IMO form)'!I12 -> 37225 | H18: ='DataBase (IMO form)'!K12 -> MAROUSI | I18: #REF! | J18: ='DataBase (IMO form)'!H12 -> M | K18: PASSPORT | L18: ='DataBase (IMO form)'!W12 -> AY1388281 | M18: ='DataBase (IMO form)'!Y12 -> N.P.C. | N18: ='DataBase (IMO form)'!X12 -> 48562
B19: ='DataBase (IMO form)'!B13 -> 6 | C19: ='DataBase (IMO form)'!D13 -> KOUIMOV | D19: ='DataBase (IMO form)'!E13 -> ENTOUARNT OR EDUARD | E19: ='DataBase (IMO form)'!C13 -> 3RD OFF | F19: ='DataBase (IMO form)'!L13 -> HELLENIC | G19: ='DataBase (IMO form)'!I13 -> 36547 | H19: ='DataBase (IMO form)'!K13 -> NAKHODKA | I19: #REF! | J19: ='DataBase (IMO form)'!H13 -> M | K19: PASSPORT | L19: ='DataBase (IMO form)'!W13 -> AY4667152 | M19: ='DataBase (IMO form)'!Y13 -> N.P.C. | N19: ='DataBase (IMO form)'!X13 -> 48777
B20: ='DataBase (IMO form)'!B14 -> 7 | C20: ='DataBase (IMO form)'!D14 -> CHATZIDIMITRIOU | D20: ='DataBase (IMO form)'!E14 -> MARIA | E20: ='DataBase (IMO form)'!C14 -> DECK CADET | F20: ='DataBase (IMO form)'!L14 -> HELLENIC | G20: ='DataBase (IMO form)'!I14 -> 37644 | H20: ='DataBase (IMO form)'!K14 -> THESSALONIKI | I20: #REF! | J20: ='DataBase (IMO form)'!H14 -> F | K20: PASSPORT | L20: ='DataBase (IMO form)'!W14 -> AT5546138 | M20: ='DataBase (IMO form)'!Y14 -> N.P.C. | N20: ='DataBase (IMO form)'!X14 -> 46511
B21: ='DataBase (IMO form)'!B15 -> 8 | C21: ='DataBase (IMO form)'!D15 -> PETROPOULOS | D21: ='DataBase (IMO form)'!E15 -> CHRISTOS | E21: ='DataBase (IMO form)'!C15 -> CHIEF ENG | F21: ='DataBase (IMO form)'!L15 -> HELLENIC | G21: ='DataBase (IMO form)'!I15 -> 24483 | H21: ='DataBase (IMO form)'!K15 -> KOZANI | I21: #REF! | J21: ='DataBase (IMO form)'!H15 -> M | K21: PASSPORT | L21: ='DataBase (IMO form)'!W15 -> BA2822002 | M21: ='DataBase (IMO form)'!Y15 -> H.P.H./P.S.D.D. | N21: ='DataBase (IMO form)'!X15 -> 49133
B22: ='DataBase (IMO form)'!B16 -> 9 | C22: ='DataBase (IMO form)'!D16 -> SYTNYK | D22: ='DataBase (IMO form)'!E16 -> YEVGENIY | E22: ='DataBase (IMO form)'!C16 -> 2ND ENG | F22: ='DataBase (IMO form)'!L16 -> UKRAINIAN | G22: ='DataBase (IMO form)'!I16 -> 32852 | H22: ='DataBase (IMO form)'!K16 -> ODESSA | I22: #REF! | J22: ='DataBase (IMO form)'!H16 -> M | K22: PASSPORT | L22: ='DataBase (IMO form)'!W16 -> GD461450 | M22: ='DataBase (IMO form)'!Y16 -> 5116 | N22: ='DataBase (IMO form)'!X16 -> 48424
B23: ='DataBase (IMO form)'!B17 -> 10 | C23: ='DataBase (IMO form)'!D17 -> KACHUR | D23: ='DataBase (IMO form)'!E17 -> MYKOLA | E23: ='DataBase (IMO form)'!C17 -> 3RD ENG | F23: ='DataBase (IMO form)'!L17 -> UKRAINIAN | G23: ='DataBase (IMO form)'!I17 -> 35418 | H23: ='DataBase (IMO form)'!K17 -> UKRAINE | I23: #REF! | J23: ='DataBase (IMO form)'!H17 -> M | K23: PASSPORT | L23: ='DataBase (IMO form)'!W17 -> FS151214 | M23: ='DataBase (IMO form)'!Y17 -> 6512 | N23: ='DataBase (IMO form)'!X17 -> 46978
B24: ='DataBase (IMO form)'!B18 -> 11 | C24: ='DataBase (IMO form)'!D18 -> COLEASA | D24: ='DataBase (IMO form)'!E18 -> STEFAN CIPRIAN | E24: ='DataBase (IMO form)'!C18 -> 3RD ENG | F24: ='DataBase (IMO form)'!L18 -> ROMANIAN | G24: ='DataBase (IMO form)'!I18 -> 33966 | H24: ='DataBase (IMO form)'!K18 -> CONSTANTA | I24: #REF! | J24: ='DataBase (IMO form)'!H18 -> M | K24: PASSPORT | L24: ='DataBase (IMO form)'!W18 -> 063513795 | M24: ='DataBase (IMO form)'!Y18 -> CONSTANTA | N24: ='DataBase (IMO form)'!X18 -> 48638
B25: ='DataBase (IMO form)'!B19 -> 12 | C25: ='DataBase (IMO form)'!D19 -> LOFTSALIS | D25: ='DataBase (IMO form)'!E19 -> APOSTOLOS | E25: ='DataBase (IMO form)'!C19 -> 4TH ENG | F25: ='DataBase (IMO form)'!L19 -> HELLENIC | G25: ='DataBase (IMO form)'!I19 -> 37555 | H25: ='DataBase (IMO form)'!K19 -> KOZANI | I25: #REF! | J25: ='DataBase (IMO form)'!H19 -> M | K25: PASSPORT | L25: ='DataBase (IMO form)'!W19 -> BB0444273 | M25: ='DataBase (IMO form)'!Y19 -> H.P.H./P.S.D.D. | N25: ='DataBase (IMO form)'!X19 -> 49626
... B42: ='DataBase (IMO form)'!B36 -> 0 | C42: ='DataBase (IMO form)'!D36 -> 0 | D42: ='DataBase (IMO form)'!E36 -> 0 | E42: ='DataBase (IMO form)'!C36 -> 0 | F42: ='DataBase (IMO form)'!L36 -> 0 | G42: ='DataBase (IMO form)'!I36 -> 0 | H42: ='DataBase (IMO form)'!K36 -> 0 | I42: #REF! | J42: ='DataBase (IMO form)'!H36 -> 0 | K42: PASSPORT | L42: ='DataBase (IMO form)'!W36 -> 0 | M42: ='DataBase (IMO form)'!Y36 -> 0 | N42: ='DataBase (IMO form)'!X36 -> 0
B43: ='DataBase (IMO form)'!B36 -> 0 | C43: ='DataBase (IMO form)'!D36 -> 0 | D43: ='DataBase (IMO form)'!E36 -> 0 | E43: ='DataBase (IMO form)'!C36 -> 0 | F43: ='DataBase (IMO form)'!L36 -> 0 | G43: ='DataBase (IMO form)'!I36 -> 0 | H43: ='DataBase (IMO form)'!K36 -> 0 | I43: #REF! | J43: ='DataBase (IMO form)'!H36 -> 0 | K43: PASSPORT | L43: ='DataBase (IMO form)'!W36 -> 0 | M43: ='DataBase (IMO form)'!Y36 -> 0 | N43: ='DataBase (IMO form)'!X36 -> 0
B44: 18. Date and signature by master, authorized agent or officer
C46: =I7 -> 46106
G47: =M.Menu!S16 -> CAPT. WENDT ROBERT
G48: M a s t e r

Sheet Arr Crew List Port
A2: IMO CREW LIST
A3: IMO FAL FORM 5
L4: Page No.
F5: Arrival Departure | L5: 1/1
B6: 1.1 Name of ship | D6: =M.Menu!E3 -> Energy Endurance | F6: 2. Port of arrival/departure | I6: 3. Date of arrival/departure
B7: 1.2 IMO number | D7: 9859739 | F7: =M.Menu!L11&", "&M.Menu!L12 -> Sabine Pass, U.S.A. | I7: =M.Menu!L13 -> 46106
B8: 1.3 Call sign | D8: =M.Menu!E4 -> V7A7282 | F8: =M.Menu!E8&", "&M.Menu!E9 -> NFE Transport Partners LLC,
B9: 1.4 Voyage number | D9: =M.Menu!S13 -> VOY16
B10: 4. Flag State of ship | F10: 5. Last port of call
B11: =M.Menu!L8 -> Marshall Islands | F11: =M.Menu!E11&", "&M.Menu!E12 -> BARCARENA, BRAZIL
B12: 6. No. | C12: 7. Family name | D12: 8. Given names | E12: 9. Rank or rating | F12: 10. Nationality | G12: 11. Embarkation date | H12: 12. Embarkation port | J12: 13. Gender | K12: 14. Nature of identity document | L12: 15. Number of identity document | M12: 16. Issuing State of identity document | N12: 17. Expiry date of identity document
B14: ='DataBase (IMO form)'!B8 -> 1 | C14: ='DataBase (IMO form)'!D8 -> WENDT | D14: ='DataBase (IMO form)'!E8 -> ROBERT KRZYSZTOF | E14: ='DataBase (IMO form)'!C8 -> MASTER | F14: ='DataBase (IMO form)'!L8 -> POLISH | G14: ='DataBase (IMO form)'!T8 -> 46002 | H14: ='DataBase (IMO form)'!U8 -> DAMIETTA,EGYPT | I14: #REF! | J14: ='DataBase (IMO form)'!H8 -> M | K14: PASSPORT | L14: ='DataBase (IMO form)'!W8 -> EK 0855330 | M14: ='DataBase (IMO form)'!Y8 -> WOJEWODA, POMORSKI | N14: ='DataBase (IMO form)'!X8 -> 46330
B15: ='DataBase (IMO form)'!B9 -> 2 | C15: ='DataBase (IMO form)'!D9 -> THANASIS | D15: ='DataBase (IMO form)'!E9 -> EVANGELOS | E15: ='DataBase (IMO form)'!C9 -> CHIEF OFF | F15: ='DataBase (IMO form)'!L9 -> HELLENIC | G15: ='DataBase (IMO form)'!T9 -> 46081 | H15: ='DataBase (IMO form)'!U9 -> BARCARENA, BRAZIL | I15: #REF! | J15: ='DataBase (IMO form)'!H9 -> M | K15: PASSPORT | L15: ='DataBase (IMO form)'!W9 -> BA8948788 | M15: ='DataBase (IMO form)'!Y9 -> KERKYRA | N15: ='DataBase (IMO form)'!X9 -> 49542
B16: ='DataBase (IMO form)'!B10 -> 3 | C16: ='DataBase (IMO form)'!D10 -> TEJU | D16: ='DataBase (IMO form)'!E10 -> TOMA | E16: ='DataBase (IMO form)'!C10 -> TR CHIEF OFF | F16: ='DataBase (IMO form)'!L10 -> ROMANIAN | G16: ='DataBase (IMO form)'!T10 -> 46081 | H16: ='DataBase (IMO form)'!U10 -> BARCARENA, BRAZIL | I16: #REF! | J16: ='DataBase (IMO form)'!H10 -> M | K16: PASSPORT | L16: ='DataBase (IMO form)'!W10 -> 059130390 | M16: ='DataBase (IMO form)'!Y10 -> CONSTANTA | N16: ='DataBase (IMO form)'!X10 -> 47775
B17: ='DataBase (IMO form)'!B11 -> 4 | C17: ='DataBase (IMO form)'!D11 -> BUTS | D17: ='DataBase (IMO form)'!E11 -> KOSTIANTYN | E17: ='DataBase (IMO form)'!C11 -> 2ND OFF | F17: ='DataBase (IMO form)'!L11 -> UKRAINIAN | G17: ='DataBase (IMO form)'!T11 -> 46035 | H17: ='DataBase (IMO form)'!U11 -> FREEPORT, BAHAMAS | I17: #REF! | J17: ='DataBase (IMO form)'!H11 -> M | K17: PASSPORT | L17: ='DataBase (IMO form)'!W11 -> GL504758 | M17: ='DataBase (IMO form)'!Y11 -> 2110 | N17: ='DataBase (IMO form)'!X11 -> 49422
B18: ='DataBase (IMO form)'!B12 -> 5 | C18: ='DataBase (IMO form)'!D12 -> STAMATIOU | D18: ='DataBase (IMO form)'!E12 -> VASILEIOS | E18: ='DataBase (IMO form)'!C12 -> 3RD OFF | F18: ='DataBase (IMO form)'!L12 -> HELLENIC | G18: ='DataBase (IMO form)'!T12 -> 46063 | H18: ='DataBase (IMO form)'!U12 -> ALTAMIRA, MEXICO | I18: #REF! | J18: ='DataBase (IMO form)'!H12 -> M | K18: PASSPORT | L18: ='DataBase (IMO form)'!W12 -> AY1388281 | M18: ='DataBase (IMO form)'!Y12 -> N.P.C. | N18: ='DataBase (IMO form)'!X12 -> 48562
B19: ='DataBase (IMO form)'!B13 -> 6 | C19: ='DataBase (IMO form)'!D13 -> KOUIMOV | D19: ='DataBase (IMO form)'!E13 -> ENTOUARNT OR EDUARD | E19: ='DataBase (IMO form)'!C13 -> 3RD OFF | F19: ='DataBase (IMO form)'!L13 -> HELLENIC | G19: ='DataBase (IMO form)'!T13 -> 46042 | H19: ='DataBase (IMO form)'!U13 -> GALVESTON, USA | I19: #REF! | J19: ='DataBase (IMO form)'!H13 -> M | K19: PASSPORT | L19: ='DataBase (IMO form)'!W13 -> AY4667152 | M19: ='DataBase (IMO form)'!Y13 -> N.P.C. | N19: ='DataBase (IMO form)'!X13 -> 48777
B20: ='DataBase (IMO form)'!B14 -> 7 | C20: ='DataBase (IMO form)'!D14 -> CHATZIDIMITRIOU | D20: ='DataBase (IMO form)'!E14 -> MARIA | E20: ='DataBase (IMO form)'!C14 -> DECK CADET | F20: ='DataBase (IMO form)'!L14 -> HELLENIC | G20: ='DataBase (IMO form)'!T14 -> 46042 | H20: ='DataBase (IMO form)'!U14 -> GALVESTON, USA | I20: #REF! | J20: ='DataBase (IMO form)'!H14 -> F | K20: PASSPORT | L20: ='DataBase (IMO form)'!W14 -> AT5546138 | M20: ='DataBase (IMO form)'!Y14 -> N.P.C. | N20: ='DataBase (IMO form)'!X14 -> 46511
B21: ='DataBase (IMO form)'!B15 -> 8 | C21: ='DataBase (IMO form)'!D15 -> PETROPOULOS | D21: ='DataBase (IMO form)'!E15 -> CHRISTOS | E21: ='DataBase (IMO form)'!C15 -> CHIEF ENG | F21: ='DataBase (IMO form)'!L15 -> HELLENIC | G21: ='DataBase (IMO form)'!T15 -> 46006 | H21: ='DataBase (IMO form)'!U15 -> KALOI LIMENES,GREECE | I21: #REF! | J21: ='DataBase (IMO form)'!H15 -> M | K21: PASSPORT | L21: ='DataBase (IMO form)'!W15 -> BA2822002 | M21: ='DataBase (IMO form)'!Y15 -> H.P.H./P.S.D.D. | N21: ='DataBase (IMO form)'!X15 -> 49133
B22: ='DataBase (IMO form)'!B16 -> 9 | C22: ='DataBase (IMO form)'!D16 -> SYTNYK | D22: ='DataBase (IMO form)'!E16 -> YEVGENIY | E22: ='DataBase (IMO form)'!C16 -> 2ND ENG | F22: ='DataBase (IMO form)'!L16 -> UKRAINIAN | G22: ='DataBase (IMO form)'!T16 -> 45980 | H22: ='DataBase (IMO form)'!U16 -> SABINE PASS, USA | I22: #REF! | J22: ='DataBase (IMO form)'!H16 -> M | K22: PASSPORT | L22: ='DataBase (IMO form)'!W16 -> GD461450 | M22: ='DataBase (IMO form)'!Y16 -> 5116 | N22: ='DataBase (IMO form)'!X16 -> 48424
B23: ='DataBase (IMO form)'!B17 -> 10 | C23: ='DataBase (IMO form)'!D17 -> KACHUR | D23: ='DataBase (IMO form)'!E17 -> MYKOLA | E23: ='DataBase (IMO form)'!C17 -> 3RD ENG | F23: ='DataBase (IMO form)'!L17 -> UKRAINIAN | G23: ='DataBase (IMO form)'!T17 -> 46035 | H23: ='DataBase (IMO form)'!U17 -> FREEPORT, BAHAMAS | I23: #REF! | J23: ='DataBase (IMO form)'!H17 -> M | K23: PASSPORT | L23: ='DataBase (IMO form)'!W17 -> FS151214 | M23: ='DataBase (IMO form)'!Y17 -> 6512 | N23: ='DataBase (IMO form)'!X17 -> 46978
B24: ='DataBase (IMO form)'!B18 -> 11 | C24: ='DataBase (IMO form)'!D18 -> COLEASA | D24: ='DataBase (IMO form)'!E18 -> STEFAN CIPRIAN | E24: ='DataBase (IMO form)'!C18 -> 3RD ENG | F24: ='DataBase (IMO form)'!L18 -> ROMANIAN | G24: ='DataBase (IMO form)'!T18 -> 45912 | H24: ='DataBase (IMO form)'!U18 -> ALTAMIRA, MEXICO | I24: #REF! | J24: ='DataBase (IMO form)'!H18 -> M | K24: PASSPORT | L24: ='DataBase (IMO form)'!W18 -> 063513795 | M24: ='DataBase (IMO form)'!Y18 -> CONSTANTA | N24: ='DataBase (IMO form)'!X18 -> 48638
B25: ='DataBase (IMO form)'!B19 -> 12 | C25: ='DataBase (IMO form)'!D19 -> LOFTSALIS | D25: ='DataBase (IMO form)'!E19 -> APOSTOLOS | E25: ='DataBase (IMO form)'!C19 -> 4TH ENG | F25: ='DataBase (IMO form)'!L19 -> HELLENIC | G25: ='DataBase (IMO form)'!T19 -> 46042 | H25: ='DataBase (IMO form)'!U19 -> GALVESTON, USA | I25: #REF! | J25: ='DataBase (IMO form)'!H19 -> M | K25: PASSPORT | L25: ='DataBase (IMO form)'!W19 -> BB0444273 | M25: ='DataBase (IMO form)'!Y19 -> H.P.H./P.S.D.D. | N25: ='DataBase (IMO form)'!X19 -> 49626
... B42: ='DataBase (IMO form)'!B36 -> 0 | C42: ='DataBase (IMO form)'!D36 -> 0 | D42: ='DataBase (IMO form)'!E36 -> 0 | E42: ='DataBase (IMO form)'!C36 -> 0 | F42: ='DataBase (IMO form)'!L36 -> 0 | G42: ='DataBase (IMO form)'!T36 -> 0 | H42: ='DataBase (IMO form)'!U36 -> 0 | I42: #REF! | J42: ='DataBase (IMO form)'!H36 -> 0 | K42: PASSPORT | L42: ='DataBase (IMO form)'!W36 -> 0 | M42: ='DataBase (IMO form)'!Y36 -> 0 | N42: ='DataBase (IMO form)'!X36 -> 0
B43: ='DataBase (IMO form)'!B36 -> 0 | C43: ='DataBase (IMO form)'!D36 -> 0 | D43: ='DataBase (IMO form)'!E36 -> 0 | E43: ='DataBase (IMO form)'!C36 -> 0 | F43: ='DataBase (IMO form)'!L36 -> 0 | G43: ='DataBase (IMO form)'!T36 -> 0 | H43: ='DataBase (IMO form)'!U36 -> 0 | I43: #REF! | J43: ='DataBase (IMO form)'!H36 -> 0 | K43: PASSPORT | L43: ='DataBase (IMO form)'!W36 -> 0 | M43: ='DataBase (IMO form)'!Y36 -> 0 | N43: ='DataBase (IMO form)'!X36 -> 0
B44: 18. Date and signature by master, authorized agent or officer
C46: =I7 -> 46106
G47: =M.Menu!S16 -> CAPT. WENDT ROBERT
G48: M a s t e r

Sheet Arr Crew List National SB
B2: IMO CREW LIST
B3: IMO FAL FORM 5
L4: Page No.
F5: Arrival Departure | L5: 1/1
B6: 1.1 Name of ship | D6: =M.Menu!E3 -> Energy Endurance | F6: 2. Port of arrival/departure | I6: 3. Date of arrival/departure
B7: 1.2 IMO number | D7: 9859739 | F7: =M.Menu!L11&", "&M.Menu!L12 -> Sabine Pass, U.S.A. | I7: =M.Menu!L13 -> 46106
B8: 1.3 Call sign | D8: =M.Menu!E4 -> V7A7282 | F8: =M.Menu!E8&", "&M.Menu!E9 -> NFE Transport Partners LLC,
B9: 1.4 Voyage number | D9: =M.Menu!S13 -> VOY16
B10: 4. Flag State of ship | F10: 5. Last port of call
B11: =M.Menu!L8 -> Marshall Islands | F11: =M.Menu!E11&", "&M.Menu!E12 -> BARCARENA, BRAZIL
B12: 6. No. | C12: 7. Family name | D12: 8. Given names | E12: 9. Rank or rating | F12: 10. Nationality | G12: 11. Date of birth | H12: 12. Place of birth | J12: 13. Gender | K12: 14. Nature of identity document | L12: 15. Number of identity document | M12: 16. Expiry date of identity document
B14: ='DataBase (IMO form)'!B8 -> 1 | C14: ='DataBase (IMO form)'!D8 -> WENDT | D14: ='DataBase (IMO form)'!E8 -> ROBERT KRZYSZTOF | E14: ='DataBase (IMO form)'!C8 -> MASTER | F14: ='DataBase (IMO form)'!L8 -> POLISH | G14: ='DataBase (IMO form)'!I8 -> 31616 | H14: ='DataBase (IMO form)'!K8 -> GDANSK | I14: #REF! | J14: ='DataBase (IMO form)'!H8 -> M | K14: SEAMAN'S BOOK | L14: ='DataBase (IMO form)'!AD8 -> AA0009998 | M14: ='DataBase (IMO form)'!AE8 -> 48277
B15: ='DataBase (IMO form)'!B9 -> 2 | C15: ='DataBase (IMO form)'!D9 -> THANASIS | D15: ='DataBase (IMO form)'!E9 -> EVANGELOS | E15: ='DataBase (IMO form)'!C9 -> CHIEF OFF | F15: ='DataBase (IMO form)'!L9 -> HELLENIC | G15: ='DataBase (IMO form)'!I9 -> 34373 | H15: ='DataBase (IMO form)'!K9 -> KERKYRA | I15: #REF! | J15: ='DataBase (IMO form)'!H9 -> M | K15: SEAMAN'S BOOK | L15: ='DataBase (IMO form)'!AD9 -> E00363 | M15: ='DataBase (IMO form)'!AE9 -> Lifetime
B16: ='DataBase (IMO form)'!B10 -> 3 | C16: ='DataBase (IMO form)'!D10 -> TEJU | D16: ='DataBase (IMO form)'!E10 -> TOMA | E16: ='DataBase (IMO form)'!C10 -> TR CHIEF OFF | F16: ='DataBase (IMO form)'!L10 -> ROMANIAN | G16: ='DataBase (IMO form)'!I10 -> 32970 | H16: ='DataBase (IMO form)'!K10 -> COSTANTA | I16: #REF! | J16: ='DataBase (IMO form)'!H10 -> M | K16: SEAMAN'S BOOK | L16: ='DataBase (IMO form)'!AD10 -> 86891 | M16: ='DataBase (IMO form)'!AE10 -> Lifetime
B17: ='DataBase (IMO form)'!B11 -> 4 | C17: ='DataBase (IMO form)'!D11 -> BUTS | D17: ='DataBase (IMO form)'!E11 -> KOSTIANTYN | E17: ='DataBase (IMO form)'!C11 -> 2ND OFF | F17: ='DataBase (IMO form)'!L11 -> UKRAINIAN | G17: ='DataBase (IMO form)'!I11 -> 31971 | H17: ='DataBase (IMO form)'!K11 -> UKRAINE | I17: #REF! | J17: ='DataBase (IMO form)'!H11 -> M | K17: SEAMAN'S BOOK | L17: ='DataBase (IMO form)'!AD11 -> 8600199276 | M17: ='DataBase (IMO form)'!AE11 -> 49120
B18: ='DataBase (IMO form)'!B12 -> 5 | C18: ='DataBase (IMO form)'!D12 -> STAMATIOU | D18: ='DataBase (IMO form)'!E12 -> VASILEIOS | E18: ='DataBase (IMO form)'!C12 -> 3RD OFF | F18: ='DataBase (IMO form)'!L12 -> HELLENIC | G18: ='DataBase (IMO form)'!I12 -> 37225 | H18: ='DataBase (IMO form)'!K12 -> MAROUSI | I18: #REF! | J18: ='DataBase (IMO form)'!H12 -> M | K18: SEAMAN'S BOOK | L18: ='DataBase (IMO form)'!AD12 -> AA 61439 | M18: ='DataBase (IMO form)'!AE12 -> Lifetime
B19: ='DataBase (IMO form)'!B13 -> 6 | C19: ='DataBase (IMO form)'!D13 -> KOUIMOV | D19: ='DataBase (IMO form)'!E13 -> ENTOUARNT OR EDUARD | E19: ='DataBase (IMO form)'!C13 -> 3RD OFF | F19: ='DataBase (IMO form)'!L13 -> HELLENIC | G19: ='DataBase (IMO form)'!I13 -> 36547 | H19: ='DataBase (IMO form)'!K13 -> NAKHODKA | I19: #REF! | J19: ='DataBase (IMO form)'!H13 -> M | K19: SEAMAN'S BOOK | L19: ='DataBase (IMO form)'!AD13 -> AA 60496 | M19: ='DataBase (IMO form)'!AE13 -> Lifetime
B20: ='DataBase (IMO form)'!B14 -> 7 | C20: ='DataBase (IMO form)'!D14 -> CHATZIDIMITRIOU | D20: ='DataBase (IMO form)'!E14 -> MARIA | E20: ='DataBase (IMO form)'!C14 -> DECK CADET | F20: ='DataBase (IMO form)'!L14 -> HELLENIC | G20: ='DataBase (IMO form)'!I14 -> 37644 | H20: ='DataBase (IMO form)'!K14 -> THESSALONIKI | I20: #REF! | J20: ='DataBase (IMO form)'!H14 -> F | K20: SEAMAN'S BOOK | L20: ='DataBase (IMO form)'!AD14 -> ST 39373 | M20: ='DataBase (IMO form)'!AE14 -> Lifetime
B21: ='DataBase (IMO form)'!B15 -> 8 | C21: ='DataBase (IMO form)'!D15 -> PETROPOULOS | D21: ='DataBase (IMO form)'!E15 -> CHRISTOS | E21: ='DataBase (IMO form)'!C15 -> CHIEF ENG | F21: ='DataBase (IMO form)'!L15 -> HELLENIC | G21: ='DataBase (IMO form)'!I15 -> 24483 | H21: ='DataBase (IMO form)'!K15 -> KOZANI | I21: #REF! | J21: ='DataBase (IMO form)'!H15 -> M | K21: SEAMAN'S BOOK | L21: ='DataBase (IMO form)'!AD15 -> CY278178 | M21: ='DataBase (IMO form)'!AE15 -> 46683
B22: ='DataBase (IMO form)'!B16 -> 9 | C22: ='DataBase (IMO form)'!D16 -> SYTNYK | D22: ='DataBase (IMO form)'!E16 -> YEVGENIY | E22: ='DataBase (IMO form)'!C16 -> 2ND ENG | F22: ='DataBase (IMO form)'!L16 -> UKRAINIAN | G22: ='DataBase (IMO form)'!I16 -> 32852 | H22: ='DataBase (IMO form)'!K16 -> ODESSA | I22: #REF! | J22: ='DataBase (IMO form)'!H16 -> M | K22: SEAMAN'S BOOK | L22: ='DataBase (IMO form)'!AD16 -> AB 676379 | M22: ='DataBase (IMO form)'!AE16 -> 46128
B23: ='DataBase (IMO form)'!B17 -> 10 | C23: ='DataBase (IMO form)'!D17 -> KACHUR | D23: ='DataBase (IMO form)'!E17 -> MYKOLA | E23: ='DataBase (IMO form)'!C17 -> 3RD ENG | F23: ='DataBase (IMO form)'!L17 -> UKRAINIAN | G23: ='DataBase (IMO form)'!I17 -> 35418 | H23: ='DataBase (IMO form)'!K17 -> UKRAINE | I23: #REF! | J23: ='DataBase (IMO form)'!H17 -> M | K23: SEAMAN'S BOOK | L23: ='DataBase (IMO form)'!AD17 -> AA 1002553 | M23: ='DataBase (IMO form)'!AE17 -> 47308
B24: ='DataBase (IMO form)'!B18 -> 11 | C24: ='DataBase (IMO form)'!D18 -> COLEASA | D24: ='DataBase (IMO form)'!E18 -> STEFAN CIPRIAN | E24: ='DataBase (IMO form)'!C18 -> 3RD ENG | F24: ='DataBase (IMO form)'!L18 -> ROMANIAN | G24: ='DataBase (IMO form)'!I18 -> 33966 | H24: ='DataBase (IMO form)'!K18 -> CONSTANTA | I24: #REF! | J24: ='DataBase (IMO form)'!H18 -> M | K24: SEAMAN'S BOOK | L24: ='DataBase (IMO form)'!AD18 -> 31553CT | M24: ='DataBase (IMO form)'!AE18 -> 46583
B25: ='DataBase (IMO form)'!B19 -> 12 | C25: ='DataBase (IMO form)'!D19 -> LOFTSALIS | D25: ='DataBase (IMO form)'!E19 -> APOSTOLOS | E25: ='DataBase (IMO form)'!C19 -> 4TH ENG | F25: ='DataBase (IMO form)'!L19 -> HELLENIC | G25: ='DataBase (IMO form)'!I19 -> 37555 | H25: ='DataBase (IMO form)'!K19 -> KOZANI | I25: #REF! | J25: ='DataBase (IMO form)'!H19 -> M | K25: SEAMAN'S BOOK | L25: ='DataBase (IMO form)'!AD19 -> ST39185 | M25: ='DataBase (IMO form)'!AE19 -> Lifetime
... B42: ='DataBase (IMO form)'!B36 -> 0 | C42: ='DataBase (IMO form)'!D36 -> 0 | D42: ='DataBase (IMO form)'!E36 -> 0 | E42: ='DataBase (IMO form)'!C36 -> 0 | F42: ='DataBase (IMO form)'!L36 -> 0 | G42: ='DataBase (IMO form)'!I36 -> 0 | H42: ='DataBase (IMO form)'!K36 -> 0 | I42: #REF! | J42: ='DataBase (IMO form)'!H36 -> 0 | K42: SEAMAN'S BOOK | L42: ='DataBase (IMO form)'!AD36 -> 0 | M42: ='DataBase (IMO form)'!AE36 -> 0
B43: 18. Date and signature by master, authorized agent or officer
C45: =I7 -> 46106
G46: =M.Menu!S16 -> CAPT. WENDT ROBERT
G47: M a s t e r

Sheet Arr Crew List Marshall SB
B2: IMO CREW LIST
B3: IMO FAL FORM 5
L4: Page No.
F5: Arrival Departure | L5: 1/1
B6: 1.1 Name of ship | D6: =M.Menu!E3 -> Energy Endurance | F6: 2. Port of arrival/departure | I6: 3. Date of arrival/departure
B7: 1.2 IMO number | D7: 9859739 | F7: =M.Menu!L11&", "&M.Menu!L12 -> Sabine Pass, U.S.A. | I7: =M.Menu!L13 -> 46106
B8: 1.3 Call sign | D8: =M.Menu!E4 -> V7A7282 | F8: =M.Menu!E8&", "&M.Menu!E9 -> NFE Transport Partners LLC,
B9: 1.4 Voyage number | D9: =M.Menu!S13 -> VOY16
B10: 4. Flag State of ship | F10: 5. Last port of call
B11: =M.Menu!L8 -> Marshall Islands | F11: =M.Menu!E11&", "&M.Menu!E12 -> BARCARENA, BRAZIL
B12: 6. No. | C12: 7. Family name | D12: 8. Given names | E12: 9. Rank or rating | F12: 10. Nationality | G12: 11. Date of birth | H12: 12. Place of birth | J12: 13. Gender | K12: 14. Nature of identity document | L12: 15. Number of identity document | M12: 16. Expiry date of identity document
B14: ='DataBase (IMO form)'!B8 -> 1 | C14: ='DataBase (IMO form)'!D8 -> WENDT | D14: ='DataBase (IMO form)'!E8 -> ROBERT KRZYSZTOF | E14: ='DataBase (IMO form)'!C8 -> MASTER | F14: ='DataBase (IMO form)'!L8 -> POLISH | G14: ='DataBase (IMO form)'!I8 -> 31616 | H14: ='DataBase (IMO form)'!K8 -> GDANSK | I14: #REF! | J14: ='DataBase (IMO form)'!H8 -> M | K14: SEAMAN'S BOOK | L14: =IF('DataBase (IMO form)'!AF8=0, 'DataBase (IMO form)'!AH8, 'DataBase (IMO form)'!AF8) -> MH 970901 | M14: ='DataBase (IMO form)'!AG8 -> 46896
B15: ='DataBase (IMO form)'!B9 -> 2 | C15: ='DataBase (IMO form)'!D9 -> THANASIS | D15: ='DataBase (IMO form)'!E9 -> EVANGELOS | E15: ='DataBase (IMO form)'!C9 -> CHIEF OFF | F15: ='DataBase (IMO form)'!L9 -> HELLENIC | G15: ='DataBase (IMO form)'!I9 -> 34373 | H15: ='DataBase (IMO form)'!K9 -> KERKYRA | I15: #REF! | J15: ='DataBase (IMO form)'!H9 -> M | K15: SEAMAN'S BOOK | L15: =IF('DataBase (IMO form)'!AF9=0, 'DataBase (IMO form)'!AH9, 'DataBase (IMO form)'!AF9) -> Original | M15: ='DataBase (IMO form)'!AG9 -> 0
B16: ='DataBase (IMO form)'!B11 -> 4 | C16: ='DataBase (IMO form)'!D11 -> BUTS | D16: ='DataBase (IMO form)'!E11 -> KOSTIANTYN | E16: ='DataBase (IMO form)'!C11 -> 2ND OFF | F16: ='DataBase (IMO form)'!L11 -> UKRAINIAN | G16: ='DataBase (IMO form)'!I11 -> 31971 | H16: ='DataBase (IMO form)'!K11 -> UKRAINE | I16: #REF! | J16: ='DataBase (IMO form)'!H11 -> M | K16: SEAMAN'S BOOK | L16: =IF('DataBase (IMO form)'!AF11=0, 'DataBase (IMO form)'!AH11, 'DataBase (IMO form)'!AF11) -> MH 904486 | M16: ='DataBase (IMO form)'!AG11 -> 46643
B17: ='DataBase (IMO form)'!B12 -> 5 | C17: ='DataBase (IMO form)'!D12 -> STAMATIOU | D17: ='DataBase (IMO form)'!E12 -> VASILEIOS | E17: ='DataBase (IMO form)'!C12 -> 3RD OFF | F17: ='DataBase (IMO form)'!L12 -> HELLENIC | G17: ='DataBase (IMO form)'!I12 -> 37225 | H17: ='DataBase (IMO form)'!K12 -> MAROUSI | I17: #REF! | J17: ='DataBase (IMO form)'!H12 -> M | K17: SEAMAN'S BOOK | L17: =IF('DataBase (IMO form)'!AF12=0, 'DataBase (IMO form)'!AH12, 'DataBase (IMO form)'!AF12) -> MH 956958 | M17: ='DataBase (IMO form)'!AG12 -> 46870
B18: ='DataBase (IMO form)'!B13 -> 6 | C18: ='DataBase (IMO form)'!D13 -> KOUIMOV | D18: ='DataBase (IMO form)'!E13 -> ENTOUARNT OR EDUARD | E18: ='DataBase (IMO form)'!C13 -> 3RD OFF | F18: ='DataBase (IMO form)'!L13 -> HELLENIC | G18: ='DataBase (IMO form)'!I13 -> 36547 | H18: ='DataBase (IMO form)'!K13 -> NAKHODKA | I18: #REF! | J18: ='DataBase (IMO form)'!H13 -> M | K18: SEAMAN'S BOOK | L18: =IF('DataBase (IMO form)'!AF13=0, 'DataBase (IMO form)'!AH13, 'DataBase (IMO form)'!AF13) -> MH 981628 | M18: ='DataBase (IMO form)'!AG13 -> 47003
B19: ='DataBase (IMO form)'!B14 -> 7 | C19: ='DataBase (IMO form)'!D14 -> CHATZIDIMITRIOU | D19: ='DataBase (IMO form)'!E14 -> MARIA | E19: ='DataBase (IMO form)'!C14 -> DECK CADET | F19: ='DataBase (IMO form)'!L14 -> HELLENIC | G19: ='DataBase (IMO form)'!I14 -> 37644 | H19: ='DataBase (IMO form)'!K14 -> THESSALONIKI | I19: #REF! | J19: ='DataBase (IMO form)'!H14 -> F | K19: SEAMAN'S BOOK | L19: =IF('DataBase (IMO form)'!AF14=0, 'DataBase (IMO form)'!AH14, 'DataBase (IMO form)'!AF14) -> MH 1101404 | M19: ='DataBase (IMO form)'!AG14 -> 47560
B20: ='DataBase (IMO form)'!B15 -> 8 | C20: ='DataBase (IMO form)'!D15 -> PETROPOULOS | D20: ='DataBase (IMO form)'!E15 -> CHRISTOS | E20: ='DataBase (IMO form)'!C15 -> CHIEF ENG | F20: ='DataBase (IMO form)'!L15 -> HELLENIC | G20: ='DataBase (IMO form)'!I15 -> 24483 | H20: ='DataBase (IMO form)'!K15 -> KOZANI | I20: #REF! | J20: ='DataBase (IMO form)'!H15 -> M | K20: SEAMAN'S BOOK | L20: =IF('DataBase (IMO form)'!AF15=0, 'DataBase (IMO form)'!AH15, 'DataBase (IMO form)'!AF15) -> MH 859292 | M20: ='DataBase (IMO form)'!AG15 -> 46488
B21: ='DataBase (IMO form)'!B16 -> 9 | C21: ='DataBase (IMO form)'!D16 -> SYTNYK | D21: ='DataBase (IMO form)'!E16 -> YEVGENIY | E21: ='DataBase (IMO form)'!C16 -> 2ND ENG | F21: ='DataBase (IMO form)'!L16 -> UKRAINIAN | G21: ='DataBase (IMO form)'!I16 -> 32852 | H21: ='DataBase (IMO form)'!K16 -> ODESSA | I21: #REF! | J21: ='DataBase (IMO form)'!H16 -> M | K21: SEAMAN'S BOOK | L21: =IF('DataBase (IMO form)'!AF16=0, 'DataBase (IMO form)'!AH16, 'DataBase (IMO form)'!AF16) -> MH 11469449 | M21: ='DataBase (IMO form)'!AG16 -> 47798
B22: ='DataBase (IMO form)'!B17 -> 10 | C22: ='DataBase (IMO form)'!D17 -> KACHUR | D22: ='DataBase (IMO form)'!E17 -> MYKOLA | E22: ='DataBase (IMO form)'!C17 -> 3RD ENG | F22: ='DataBase (IMO form)'!L17 -> UKRAINIAN | G22: ='DataBase (IMO form)'!I17 -> 35418 | H22: ='DataBase (IMO form)'!K17 -> UKRAINE | I22: #REF! | J22: ='DataBase (IMO form)'!H17 -> M | K22: SEAMAN'S BOOK | L22: =IF('DataBase (IMO form)'!AF17=0, 'DataBase (IMO form)'!AH17, 'DataBase (IMO form)'!AF17) -> MH 77412 | M22: ='DataBase (IMO form)'!AG17 -> 46091
B23: ='DataBase (IMO form)'!B18 -> 11 | C23: ='DataBase (IMO form)'!#REF! -> #REF! | D23: ='DataBase (IMO form)'!#REF! -> #REF! | E23: ='DataBase (IMO form)'!C18 -> 3RD ENG | F23: ='DataBase (IMO form)'!#REF! -> #REF! | G23: ='DataBase (IMO form)'!#REF! -> #REF! | H23: ='DataBase (IMO form)'!#REF! -> #REF! | I23: #REF! | J23: ='DataBase (IMO form)'!#REF! -> #REF! | K23: SEAMAN'S BOOK | L23: =IF('DataBase (IMO form)'!#REF!=0, 'DataBase (IMO form)'!#REF!, 'DataBase (IMO form)'!#REF!) -> #REF! | M23: ='DataBase (IMO form)'!#REF! -> #REF!
B24: ='DataBase (IMO form)'!#REF! -> #REF! | C24: ='DataBase (IMO form)'!#REF! -> #REF! | D24: ='DataBase (IMO form)'!#REF! -> #REF! | E24: ='DataBase (IMO form)'!#REF! -> #REF! | F24: ='DataBase (IMO form)'!#REF! -> #REF! | G24: ='DataBase (IMO form)'!#REF! -> #REF! | H24: ='DataBase (IMO form)'!#REF! -> #REF! | I24: #REF! | J24: ='DataBase (IMO form)'!#REF! -> #REF! | K24: SEAMAN'S BOOK | L24: =IF('DataBase (IMO form)'!#REF!=0, 'DataBase (IMO form)'!#REF!, 'DataBase (IMO form)'!#REF!) -> #REF! | M24: ='DataBase (IMO form)'!#REF! -> #REF!
B25: ='DataBase (IMO form)'!B20 -> 13 | C25: ='DataBase (IMO form)'!D20 -> YEMELIANOV | D25: ='DataBase (IMO form)'!E20 -> RICHARD | E25: ='DataBase (IMO form)'!C20 -> GAS ENG | F25: ='DataBase (IMO form)'!L20 -> UKRAINIAN | G25: ='DataBase (IMO form)'!I20 -> 32955 | H25: ='DataBase (IMO form)'!K20 -> UKRAINE | I25: #REF! | J25: ='DataBase (IMO form)'!H20 -> M | K25: SEAMAN'S BOOK | L25: =IF('DataBase (IMO form)'!AF20=0, 'DataBase (IMO form)'!AH20, 'DataBase (IMO form)'!AF20) -> MH 925122 | M25: ='DataBase (IMO form)'!AG20 -> 46741
B26: ='DataBase (IMO form)'!B21 -> 14 | C26: ='DataBase (IMO form)'!D21 -> GIDEI | D26: ='DataBase (IMO form)'!E21 -> NICOLAE | E26: ='DataBase (IMO form)'!C21 -> SETO | F26: ='DataBase (IMO form)'!L21 -> ROMANIAN | G26: ='DataBase (IMO form)'!I21 -> 27720 | H26: ='DataBase (IMO form)'!K21 -> GALATI | I26: #REF! | J26: ='DataBase (IMO form)'!H21 -> M | K26: SEAMAN'S BOOK | L26: =IF('DataBase (IMO form)'!AF21=0, 'DataBase (IMO form)'!AH21, 'DataBase (IMO form)'!AF21) -> MH 916167 | M26: ='DataBase (IMO form)'!AG21 -> 46740
B27: ='DataBase (IMO form)'!#REF! -> #REF! | C27: ='DataBase (IMO form)'!D18 -> COLEASA | D27: ='DataBase (IMO form)'!E18 -> STEFAN CIPRIAN | E27: ='DataBase (IMO form)'!#REF! -> #REF! | F27: ='DataBase (IMO form)'!L18 -> ROMANIAN | G27: ='DataBase (IMO form)'!I18 -> 33966 | H27: ='DataBase (IMO form)'!K18 -> CONSTANTA | I27: #REF! | J27: ='DataBase (IMO form)'!H18 -> M | K27: SEAMAN'S BOOK | L27: =IF('DataBase (IMO form)'!AF18=0, 'DataBase (IMO form)'!AH18, 'DataBase (IMO form)'!AF18) -> Original | M27: ='DataBase (IMO form)'!AG18 -> 0
B28: ='DataBase (IMO form)'!B22 -> 15 | C28: ='DataBase (IMO form)'!D22 -> LADINES | D28: ='DataBase (IMO form)'!E22 -> RODOLFO JR. | E28: ='DataBase (IMO form)'!C22 -> BOSUN | F28: ='DataBase (IMO form)'!L22 -> FILIPINO | G28: ='DataBase (IMO form)'!I22 -> 29241 | H28: ='DataBase (IMO form)'!K22 -> SAMPALOC QUEZON | I28: #REF! | J28: ='DataBase (IMO form)'!H22 -> M | K28: SEAMAN'S BOOK | L28: =IF('DataBase (IMO form)'!AF22=0, 'DataBase (IMO form)'!AH22, 'DataBase (IMO form)'!AF22) -> Original | M28: ='DataBase (IMO form)'!AG22 -> 0
B29: ='DataBase (IMO form)'!B23 -> 16 | C29: ='DataBase (IMO form)'!D23 -> LUPAZ | D29: ='DataBase (IMO form)'!E23 -> ALBERTO JR. | E29: ='DataBase (IMO form)'!C23 -> AB | F29: ='DataBase (IMO form)'!L23 -> FILIPINO | G29: ='DataBase (IMO form)'!I23 -> 34168 | H29: ='DataBase (IMO form)'!K23 -> NASIPIT AND | I29: #REF! | J29: ='DataBase (IMO form)'!H23 -> M | K29: SEAMAN'S BOOK | L29: =IF('DataBase (IMO form)'!AF23=0, 'DataBase (IMO form)'!AH23, 'DataBase (IMO form)'!AF23) -> Original | M29: ='DataBase (IMO form)'!AG23 -> 0
B30: ='DataBase (IMO form)'!B24 -> 17 | C30: ='DataBase (IMO form)'!D24 -> PALERACIO | D30: ='DataBase (IMO form)'!E24 -> JOHN CALLED | E30: ='DataBase (IMO form)'!C24 -> AB | F30: ='DataBase (IMO form)'!L24 -> FILIPINO | G30: ='DataBase (IMO form)'!I24 -> 33759 | H30: ='DataBase (IMO form)'!K24 -> SAMPALOC QUEZON | I30: #REF! | J30: ='DataBase (IMO form)'!H24 -> M | K30: SEAMAN'S BOOK | L30: =IF('DataBase (IMO form)'!AF24=0, 'DataBase (IMO form)'!AH24, 'DataBase (IMO form)'!AF24) -> Original | M30: ='DataBase (IMO form)'!AG24 -> 0
B31: ='DataBase (IMO form)'!B25 -> 18 | C31: ='DataBase (IMO form)'!D25 -> RUFON | D31: ='DataBase (IMO form)'!E25 -> NOEL III | E31: ='DataBase (IMO form)'!C25 -> AB | F31: ='DataBase (IMO form)'!L25 -> FILIPINO | G31: ='DataBase (IMO form)'!I25 -> 35899 | H31: ='DataBase (IMO form)'!K25 -> QUEZON CITY | I31: #REF! | J31: ='DataBase (IMO form)'!H25 -> M | K31: SEAMAN'S BOOK | L31: =IF('DataBase (IMO form)'!AF25=0, 'DataBase (IMO form)'!AH25, 'DataBase (IMO form)'!AF25) -> MH 994967 | M31: ='DataBase (IMO form)'!AG25 -> 47059
B32: ='DataBase (IMO form)'!B27 -> 20 | C32: ='DataBase (IMO form)'!D27 -> ACULIT | D32: ='DataBase (IMO form)'!E27 -> MIKE LISLIE | E32: ='DataBase (IMO form)'!C27 -> OS | F32: ='DataBase (IMO form)'!L27 -> FILIPINO | G32: ='DataBase (IMO form)'!I27 -> 35054 | H32: ='DataBase (IMO form)'!K27 -> BAGO CITY | I32: #REF! | J32: ='DataBase (IMO form)'!H27 -> M | K32: SEAMAN'S BOOK | L32: =IF('DataBase (IMO form)'!AF27=0, 'DataBase (IMO form)'!AH27, 'DataBase (IMO form)'!AF27) -> MH 1065960 | M32: ='DataBase (IMO form)'!AG27 -> 47378
B33: ='DataBase (IMO form)'!B28 -> 21 | C33: ='DataBase (IMO form)'!D28 -> DOMONDON | D33: ='DataBase (IMO form)'!E28 -> DEXTER | E33: ='DataBase (IMO form)'!C28 -> OS | F33: ='DataBase (IMO form)'!L28 -> FILIPINO | G33: ='DataBase (IMO form)'!I28 -> 36084 | H33: ='DataBase (IMO form)'!K28 -> MARIKINA CITY | I33: #REF! | J33: ='DataBase (IMO form)'!H28 -> M | K33: SEAMAN'S BOOK | L33: =IF('DataBase (IMO form)'!AF28=0, 'DataBase (IMO form)'!AH28, 'DataBase (IMO form)'!AF28) -> MH 1159248 | M33: ='DataBase (IMO form)'!AG28 -> 47807
B34: ='DataBase (IMO form)'!B29 -> 22 | C34: ='DataBase (IMO form)'!D29 -> DACANAY | D34: ='DataBase (IMO form)'!E29 -> JAYSON | E34: ='DataBase (IMO form)'!C29 -> FITTER | F34: ='DataBase (IMO form)'!L29 -> FILIPINO | G34: ='DataBase (IMO form)'!I29 -> 33621 | H34: ='DataBase (IMO form)'!K29 -> SISON PANGASINAN | I34: #REF! | J34: ='DataBase (IMO form)'!H29 -> M | K34: SEAMAN'S BOOK | L34: =IF('DataBase (IMO form)'!AF29=0, 'DataBase (IMO form)'!AH29, 'DataBase (IMO form)'!AF29) -> MH 972208 | M34: ='DataBase (IMO form)'!AG29 -> 46947
B35: ='DataBase (IMO form)'!B30 -> 23 | C35: ='DataBase (IMO form)'!D30 -> APID | D35: ='DataBase (IMO form)'!E30 -> LORD BYRON | E35: ='DataBase (IMO form)'!C30 -> MTM | F35: ='DataBase (IMO form)'!L30 -> FILIPINO | G35: 02-May-89 | H35: ='DataBase (IMO form)'!K30 -> DIONISIO ILOILO | I35: #REF! | J35: ='DataBase (IMO form)'!H30 -> M | K35: SEAMAN'S BOOK | L35: =IF('DataBase (IMO form)'!AF30=0, 'DataBase (IMO form)'!AH30, 'DataBase (IMO form)'!AF30) -> MH 995403 | M35: ='DataBase (IMO form)'!AG30 -> 47064
B36: ='DataBase (IMO form)'!B31 -> 24 | C36: ='DataBase (IMO form)'!D31 -> BRILLANTES | D36: ='DataBase (IMO form)'!E31 -> FER ANN | E36: ='DataBase (IMO form)'!C31 -> MTM | F36: ='DataBase (IMO form)'!L31 -> FILIPINO | G36: ='DataBase (IMO form)'!I31 -> 33831 | H36: ='DataBase (IMO form)'!K31 -> ILOILO CITY | I36: #REF! | J36: ='DataBase (IMO form)'!H31 -> M | K36: SEAMAN'S BOOK | L36: =IF('DataBase (IMO form)'!AF31=0, 'DataBase (IMO form)'!AH31, 'DataBase (IMO form)'!AF31) -> MH 879873 | M36: ='DataBase (IMO form)'!AG31 -> 46606
B37: ='DataBase (IMO form)'!B32 -> 25 | C37: ='DataBase (IMO form)'!D32 -> FLORES | D37: ='DataBase (IMO form)'!E32 -> NORIEL | E37: ='DataBase (IMO form)'!C32 -> WIPER | F37: ='DataBase (IMO form)'!L32 -> FILIPINO | G37: ='DataBase (IMO form)'!I32 -> 36550 | H37: ='DataBase (IMO form)'!K32 -> P GALERA OR MDO | I37: #REF! | J37: ='DataBase (IMO form)'!H32 -> M | K37: SEAMAN'S BOOK | L37: =IF('DataBase (IMO form)'!AF32=0, 'DataBase (IMO form)'!AH32, 'DataBase (IMO form)'!AF32) -> MH 1020115 | M37: ='DataBase (IMO form)'!AG32 -> 47180
B38: ='DataBase (IMO form)'!B33 -> 26 | C38: ='DataBase (IMO form)'!D33 -> ESTRABELA | D38: ='DataBase (IMO form)'!E33 -> ARIES | E38: ='DataBase (IMO form)'!C33 -> CHIEF COOK | F38: ='DataBase (IMO form)'!L33 -> FILIPINO | G38: ='DataBase (IMO form)'!I33 -> 34876 | H38: ='DataBase (IMO form)'!K33 -> BARCELONA SSG | I38: #REF! | J38: ='DataBase (IMO form)'!H33 -> M | K38: SEAMAN'S BOOK | L38: =IF('DataBase (IMO form)'!AF33=0, 'DataBase (IMO form)'!AH33, 'DataBase (IMO form)'!AF33) -> MH 972207 | M38: ='DataBase (IMO form)'!AG33 -> 46947
B39: ='DataBase (IMO form)'!B34 -> 27 | C39: ='DataBase (IMO form)'!D34 -> ALLADO | D39: ='DataBase (IMO form)'!E34 -> KEITH VINCENT | E39: ='DataBase (IMO form)'!C34 -> ASS COOK | F39: ='DataBase (IMO form)'!L34 -> FILIPINO | G39: ='DataBase (IMO form)'!I34 -> 34074 | H39: ='DataBase (IMO form)'!K34 -> SAMPALOC QUEZON | I39: #REF! | J39: ='DataBase (IMO form)'!H34 -> M | K39: SEAMAN'S BOOK | L39: =IF('DataBase (IMO form)'!AF34=0, 'DataBase (IMO form)'!AH34, 'DataBase (IMO form)'!AF34) -> Original | M39: ='DataBase (IMO form)'!AG34 -> 0
B40: ='DataBase (IMO form)'!B35 -> 28 | C40: ='DataBase (IMO form)'!D35 -> ABES | D40: ='DataBase (IMO form)'!E35 -> JAMES DARWIN | E40: ='DataBase (IMO form)'!C35 -> MSM | F40: ='DataBase (IMO form)'!L35 -> FILIPINO | G40: ='DataBase (IMO form)'!I35 -> 36409 | H40: ='DataBase (IMO form)'!K35 -> GITAGUM MIS OR | I40: #REF! | J40: ='DataBase (IMO form)'!H35 -> M | K40: SEAMAN'S BOOK | L40: =IF('DataBase (IMO form)'!AF35=0, 'DataBase (IMO form)'!AH35, 'DataBase (IMO form)'!AF35) -> MH 1123766 | M40: ='DataBase (IMO form)'!AG35 -> 47119
B41: ='DataBase (IMO form)'!#REF! -> #REF! | C41: ='DataBase (IMO form)'!#REF! -> #REF! | D41: ='DataBase (IMO form)'!#REF! -> #REF! | E41: ='DataBase (IMO form)'!#REF! -> #REF! | F41: ='DataBase (IMO form)'!#REF! -> #REF! | G41: ='DataBase (IMO form)'!#REF! -> #REF! | H41: ='DataBase (IMO form)'!#REF! -> #REF! | I41: #REF! | J41: ='DataBase (IMO form)'!#REF! -> #REF! | K41: SEAMAN'S BOOK | L41: =IF('DataBase (IMO form)'!#REF!=0, 'DataBase (IMO form)'!#REF!, 'DataBase (IMO form)'!#REF!) -> #REF! | M41: ='DataBase (IMO form)'!#REF! -> #REF!
B42: ='DataBase (IMO form)'!#REF! -> #REF! | C42: ='DataBase (IMO form)'!#REF! -> #REF! | D42: ='DataBase (IMO form)'!#REF! -> #REF! | E42: ='DataBase (IMO form)'!#REF! -> #REF! | F42: ='DataBase (IMO form)'!#REF! -> #REF! | G42: ='DataBase (IMO form)'!#REF! -> #REF! | H42: ='DataBase (IMO form)'!#REF! -> #REF! | I42: #REF! | J42: ='DataBase (IMO form)'!#REF! -> #REF! | K42: SEAMAN'S BOOK | L42: =IF('DataBase (IMO form)'!#REF!=0, 'DataBase (IMO form)'!#REF!, 'DataBase (IMO form)'!#REF!) -> #REF! | M42: ='DataBase (IMO form)'!#REF! -> #REF!
B43: 18. Date and signature by master, authorized agent or officer
C45: =I7 -> 46106
G46: =M.Menu!S16 -> CAPT. WENDT ROBERT
G47: M a s t e r

Sheet Dep CrewList IMO
B2: IMO CREW LIST
F3: IMO FAL FORM 5
M4: Page No.
G5: Arrival Departure | M5: 1/1
C6: 1.1 Name of ship | E6: =M.Menu!E3 -> Energy Endurance | G6: 2. Port of arrival/departure | J6: 3. Date of arrival/departure
C7: 1.2 IMO number | E7: =M.Menu!L3 -> 9948695 | G7: =M.Menu!L11&"."&M.Menu!L12 -> Sabine Pass.U.S.A. | J7: =M.Menu!L14 -> 0
C8: 1.3 Call sign | E8: =M.Menu!E4 -> V7A7282 | G8: =M.Menu!E8&", "&M.Menu!E9 -> NFE Transport Partners LLC,
C9: 1.4 Voyage number | E9: =M.Menu!S14 -> VOY15
C10: 4. Flag State of ship | G10: 5. Next Port of call
C11: =M.Menu!L8 -> Marshall Islands | G11: =M.Menu!S11&"."&M.Menu!S12 -> BARCARENA.BRAZIL
C12: 6. No. | D12: 7. Family name | E12: 8. Given names | F12: 9. Rank or rating | G12: 10. Nationality | H12: 11. Date of birth | I12: 12. Place of birth | K12: 13. Gender | L12: 14. Nature of identity document | M12: 15. Number of identity document | N12: 16. Issuing State of identity document | O12: 17. Expiry date of identity document
C14: ='DataBase (IMO form)'!B8 -> 1 | D14: ='DataBase (IMO form)'!D8 -> WENDT | E14: ='DataBase (IMO form)'!E8 -> ROBERT KRZYSZTOF | F14: ='DataBase (IMO form)'!C8 -> MASTER | G14: ='DataBase (IMO form)'!L8 -> POLISH | H14: ='DataBase (IMO form)'!I8 -> 31616 | I14: ='DataBase (IMO form)'!K8 -> GDANSK | J14: ='DataBase (IMO form)'!#REF! -> #REF! | K14: ='DataBase (IMO form)'!H8 -> M | L14: PASSPORT | M14: ='DataBase (IMO form)'!W8 -> EK 0855330 | N14: ='DataBase (IMO form)'!Y8 -> WOJEWODA, POMORSKI | O14: ='DataBase (IMO form)'!X8 -> 46330
C15: ='DataBase (IMO form)'!B9 -> 2 | D15: ='DataBase (IMO form)'!D9 -> THANASIS | E15: ='DataBase (IMO form)'!E9 -> EVANGELOS | F15: ='DataBase (IMO form)'!C9 -> CHIEF OFF | G15: ='DataBase (IMO form)'!L9 -> HELLENIC | H15: ='DataBase (IMO form)'!I9 -> 34373 | I15: ='DataBase (IMO form)'!K9 -> KERKYRA | J15: ='DataBase (IMO form)'!#REF! -> #REF! | K15: ='DataBase (IMO form)'!H9 -> M | L15: PASSPORT | M15: ='DataBase (IMO form)'!W9 -> BA8948788 | N15: ='DataBase (IMO form)'!Y9 -> KERKYRA | O15: ='DataBase (IMO form)'!X9 -> 49542
C16: ='DataBase (IMO form)'!B11 -> 4 | D16: ='DataBase (IMO form)'!D11 -> BUTS | E16: ='DataBase (IMO form)'!E11 -> KOSTIANTYN | F16: ='DataBase (IMO form)'!C11 -> 2ND OFF | G16: ='DataBase (IMO form)'!L11 -> UKRAINIAN | H16: ='DataBase (IMO form)'!I11 -> 31971 | I16: ='DataBase (IMO form)'!K11 -> UKRAINE | J16: ='DataBase (IMO form)'!#REF! -> #REF! | K16: ='DataBase (IMO form)'!H11 -> M | L16: PASSPORT | M16: ='DataBase (IMO form)'!W11 -> GL504758 | N16: ='DataBase (IMO form)'!Y11 -> 2110 | O16: ='DataBase (IMO form)'!X11 -> 49422
C17: ='DataBase (IMO form)'!B12 -> 5 | D17: ='DataBase (IMO form)'!D12 -> STAMATIOU | E17: ='DataBase (IMO form)'!E12 -> VASILEIOS | F17: ='DataBase (IMO form)'!C12 -> 3RD OFF | G17: ='DataBase (IMO form)'!L12 -> HELLENIC | H17: ='DataBase (IMO form)'!I12 -> 37225 | I17: ='DataBase (IMO form)'!K12 -> MAROUSI | J17: ='DataBase (IMO form)'!#REF! -> #REF! | K17: ='DataBase (IMO form)'!H12 -> M | L17: PASSPORT | M17: ='DataBase (IMO form)'!W12 -> AY1388281 | N17: ='DataBase (IMO form)'!Y12 -> N.P.C. | O17: ='DataBase (IMO form)'!X12 -> 48562
C18: ='DataBase (IMO form)'!B13 -> 6 | D18: ='DataBase (IMO form)'!D13 -> KOUIMOV | E18: ='DataBase (IMO form)'!E13 -> ENTOUARNT OR EDUARD | F18: ='DataBase (IMO form)'!C13 -> 3RD OFF | G18: ='DataBase (IMO form)'!L13 -> HELLENIC | H18: ='DataBase (IMO form)'!I13 -> 36547 | I18: ='DataBase (IMO form)'!K13 -> NAKHODKA | J18: ='DataBase (IMO form)'!#REF! -> #REF! | K18: ='DataBase (IMO form)'!H13 -> M | L18: PASSPORT | M18: ='DataBase (IMO form)'!W13 -> AY4667152 | N18: ='DataBase (IMO form)'!Y13 -> N.P.C. | O18: ='DataBase (IMO form)'!X13 -> 48777
C19: ='DataBase (IMO form)'!B14 -> 7 | D19: ='DataBase (IMO form)'!D14 -> CHATZIDIMITRIOU | E19: ='DataBase (IMO form)'!E14 -> MARIA | F19: ='DataBase (IMO form)'!C14 -> DECK CADET | G19: ='DataBase (IMO form)'!L14 -> HELLENIC | H19: ='DataBase (IMO form)'!I14 -> 37644 | I19: ='DataBase (IMO form)'!K14 -> THESSALONIKI | J19: ='DataBase (IMO form)'!#REF! -> #REF! | K19: ='DataBase (IMO form)'!H14 -> F | L19: PASSPORT | M19: ='DataBase (IMO form)'!W14 -> AT5546138 | N19: ='DataBase (IMO form)'!Y14 -> N.P.C. | O19: ='DataBase (IMO form)'!X14 -> 46511 | T19: 1
C20: ='DataBase (IMO form)'!B15 -> 8 | D20: ='DataBase (IMO form)'!D15 -> PETROPOULOS | E20: ='DataBase (IMO form)'!E15 -> CHRISTOS | F20: ='DataBase (IMO form)'!C15 -> CHIEF ENG | G20: ='DataBase (IMO form)'!L15 -> HELLENIC | H20: ='DataBase (IMO form)'!I15 -> 24483 | I20: ='DataBase (IMO form)'!K15 -> KOZANI | J20: ='DataBase (IMO form)'!#REF! -> #REF! | K20: ='DataBase (IMO form)'!H15 -> M | L20: PASSPORT | M20: ='DataBase (IMO form)'!W15 -> BA2822002 | N20: ='DataBase (IMO form)'!Y15 -> H.P.H./P.S.D.D. | O20: ='DataBase (IMO form)'!X15 -> 49133
C21: ='DataBase (IMO form)'!B16 -> 9 | D21: ='DataBase (IMO form)'!D16 -> SYTNYK | E21: ='DataBase (IMO form)'!E16 -> YEVGENIY | F21: ='DataBase (IMO form)'!C16 -> 2ND ENG | G21: ='DataBase (IMO form)'!L16 -> UKRAINIAN | H21: ='DataBase (IMO form)'!I16 -> 32852 | I21: ='DataBase (IMO form)'!K16 -> ODESSA | J21: ='DataBase (IMO form)'!#REF! -> #REF! | K21: ='DataBase (IMO form)'!H16 -> M | L21: PASSPORT | M21: ='DataBase (IMO form)'!W16 -> GD461450 | N21: ='DataBase (IMO form)'!Y16 -> 5116 | O21: ='DataBase (IMO form)'!X16 -> 48424
C22: ='DataBase (IMO form)'!B17 -> 10 | D22: ='DataBase (IMO form)'!D17 -> KACHUR | E22: ='DataBase (IMO form)'!E17 -> MYKOLA | F22: ='DataBase (IMO form)'!C17 -> 3RD ENG | G22: ='DataBase (IMO form)'!L17 -> UKRAINIAN | H22: ='DataBase (IMO form)'!I17 -> 35418 | I22: ='DataBase (IMO form)'!K17 -> UKRAINE | J22: ='DataBase (IMO form)'!#REF! -> #REF! | K22: ='DataBase (IMO form)'!H17 -> M | L22: PASSPORT | M22: ='DataBase (IMO form)'!W17 -> FS151214 | N22: ='DataBase (IMO form)'!Y17 -> 6512 | O22: ='DataBase (IMO form)'!X17 -> 46978
C23: ='DataBase (IMO form)'!B18 -> 11 | D23: ='DataBase (IMO form)'!#REF! -> #REF! | E23: ='DataBase (IMO form)'!#REF! -> #REF! | F23: ='DataBase (IMO form)'!C18 -> 3RD ENG | G23: ='DataBase (IMO form)'!#REF! -> #REF! | H23: ='DataBase (IMO form)'!#REF! -> #REF! | I23: ='DataBase (IMO form)'!#REF! -> #REF! | J23: ='DataBase (IMO form)'!#REF! -> #REF! | K23: ='DataBase (IMO form)'!#REF! -> #REF! | L23: PASSPORT | M23: ='DataBase (IMO form)'!#REF! -> #REF! | N23: ='DataBase (IMO form)'!#REF! -> #REF! | O23: ='DataBase (IMO form)'!#REF! -> #REF!
C24: ='DataBase (IMO form)'!#REF! -> #REF! | D24: ='DataBase (IMO form)'!#REF! -> #REF! | E24: ='DataBase (IMO form)'!#REF! -> #REF! | F24: ='DataBase (IMO form)'!#REF! -> #REF! | G24: ='DataBase (IMO form)'!#REF! -> #REF! | H24: ='DataBase (IMO form)'!#REF! -> #REF! | I24: ='DataBase (IMO form)'!#REF! -> #REF! | J24: ='DataBase (IMO form)'!#REF! -> #REF! | K24: ='DataBase (IMO form)'!#REF! -> #REF! | L24: PASSPORT | M24: ='DataBase (IMO form)'!#REF! -> #REF! | N24: ='DataBase (IMO form)'!#REF! -> #REF! | O24: ='DataBase (IMO form)'!#REF! -> #REF!
C25: ='DataBase (IMO form)'!B20 -> 13 | D25: ='DataBase (IMO form)'!D20 -> YEMELIANOV | E25: ='DataBase (IMO form)'!E20 -> RICHARD | F25: ='DataBase (IMO form)'!C20 -> GAS ENG | G25: ='DataBase (IMO form)'!L20 -> UKRAINIAN | H25: ='DataBase (IMO form)'!I20 -> 32955 | I25: ='DataBase (IMO form)'!K20 -> UKRAINE | J25: ='DataBase (IMO form)'!#REF! -> #REF! | K25: ='DataBase (IMO form)'!H20 -> M | L25: PASSPORT | M25: ='DataBase (IMO form)'!W20 -> FJ899634 | N25: ='DataBase (IMO form)'!Y20 -> 5101 | O25: ='DataBase (IMO form)'!X20 -> 46699
C26: ='DataBase (IMO form)'!B21 -> 14 | D26: ='DataBase (IMO form)'!D21 -> GIDEI | E26: ='DataBase (IMO form)'!E21 -> NICOLAE | F26: ='DataBase (IMO form)'!C21 -> SETO | G26: ='DataBase (IMO form)'!L21 -> ROMANIAN | H26: ='DataBase (IMO form)'!I21 -> 27720 | I26: ='DataBase (IMO form)'!K21 -> GALATI | J26: ='DataBase (IMO form)'!#REF! -> #REF! | K26: ='DataBase (IMO form)'!H21 -> M | L26: PASSPORT | M26: ='DataBase (IMO form)'!W21 -> 056799980 | N26: ='DataBase (IMO form)'!Y21 -> GALATI | O26: ='DataBase (IMO form)'!X21 -> 47104
C27: ='DataBase (IMO form)'!#REF! -> #REF! | D27: ='DataBase (IMO form)'!D18 -> COLEASA | E27: ='DataBase (IMO form)'!E18 -> STEFAN CIPRIAN | F27: ='DataBase (IMO form)'!#REF! -> #REF! | G27: ='DataBase (IMO form)'!L18 -> ROMANIAN | H27: ='DataBase (IMO form)'!I18 -> 33966 | I27: ='DataBase (IMO form)'!K18 -> CONSTANTA | J27: ='DataBase (IMO form)'!#REF! -> #REF! | K27: ='DataBase (IMO form)'!H18 -> M | L27: PASSPORT | M27: ='DataBase (IMO form)'!W18 -> 063513795 | N27: ='DataBase (IMO form)'!Y18 -> CONSTANTA | O27: ='DataBase (IMO form)'!X18 -> 48638
C28: ='DataBase (IMO form)'!B22 -> 15 | D28: ='DataBase (IMO form)'!D22 -> LADINES | E28: ='DataBase (IMO form)'!E22 -> RODOLFO JR. | F28: ='DataBase (IMO form)'!C22 -> BOSUN | G28: ='DataBase (IMO form)'!L22 -> FILIPINO | H28: ='DataBase (IMO form)'!I22 -> 29241 | I28: ='DataBase (IMO form)'!K22 -> SAMPALOC QUEZON | J28: ='DataBase (IMO form)'!#REF! -> #REF! | K28: ='DataBase (IMO form)'!H22 -> M | L28: PASSPORT | M28: ='DataBase (IMO form)'!W22 -> P9127792B | N28: ='DataBase (IMO form)'!Y22 -> DFA LUCENA | O28: ='DataBase (IMO form)'!X22 -> 48275
C29: ='DataBase (IMO form)'!B23 -> 16 | D29: ='DataBase (IMO form)'!D23 -> LUPAZ | E29: ='DataBase (IMO form)'!E23 -> ALBERTO JR. | F29: ='DataBase (IMO form)'!C23 -> AB | G29: ='DataBase (IMO form)'!L23 -> FILIPINO | H29: ='DataBase (IMO form)'!I23 -> 34168 | I29: ='DataBase (IMO form)'!K23 -> NASIPIT AND | J29: ='DataBase (IMO form)'!#REF! -> #REF! | K29: ='DataBase (IMO form)'!H23 -> M | L29: PASSPORT | M29: ='DataBase (IMO form)'!W23 -> P5223721B | N29: ='DataBase (IMO form)'!Y23 -> DFA NCR WEST | O29: ='DataBase (IMO form)'!X23 -> 47649
C30: ='DataBase (IMO form)'!B24 -> 17 | D30: ='DataBase (IMO form)'!D24 -> PALERACIO | E30: ='DataBase (IMO form)'!E24 -> JOHN CALLED | F30: ='DataBase (IMO form)'!C24 -> AB | G30: ='DataBase (IMO form)'!L24 -> FILIPINO | H30: ='DataBase (IMO form)'!I24 -> 33759 | I30: ='DataBase (IMO form)'!K24 -> SAMPALOC QUEZON | J30: ='DataBase (IMO form)'!#REF! -> #REF! | K30: ='DataBase (IMO form)'!H24 -> M | L30: PASSPORT | M30: ='DataBase (IMO form)'!W24 -> P5914768B | N30: ='DataBase (IMO form)'!Y24 -> DFA LUCENA | O30: ='DataBase (IMO form)'!X24 -> 47825
C31: ='DataBase (IMO form)'!B25 -> 18 | D31: ='DataBase (IMO form)'!D25 -> RUFON | E31: ='DataBase (IMO form)'!E25 -> NOEL III | F31: ='DataBase (IMO form)'!C25 -> AB | G31: ='DataBase (IMO form)'!L25 -> FILIPINO | H31: ='DataBase (IMO form)'!I25 -> 35899 | I31: ='DataBase (IMO form)'!K25 -> QUEZON CITY | J31: ='DataBase (IMO form)'!#REF! -> #REF! | K31: ='DataBase (IMO form)'!H25 -> M | L31: PASSPORT | M31: ='DataBase (IMO form)'!W25 -> P3324286B | N31: ='DataBase (IMO form)'!Y25 -> DFA NCR NORTHEAST | O31: ='DataBase (IMO form)'!X25 -> 47384
C32: ='DataBase (IMO form)'!B27 -> 20 | D32: ='DataBase (IMO form)'!D27 -> ACULIT | E32: ='DataBase (IMO form)'!E27 -> MIKE LISLIE | F32: ='DataBase (IMO form)'!C27 -> OS | G32: ='DataBase (IMO form)'!L27 -> FILIPINO | H32: ='DataBase (IMO form)'!I27 -> 35054 | I32: ='DataBase (IMO form)'!K27 -> BAGO CITY | J32: ='DataBase (IMO form)'!#REF! -> #REF! | K32: ='DataBase (IMO form)'!H27 -> M | L32: PASSPORT | M32: ='DataBase (IMO form)'!W27 -> P3505092B | N32: ='DataBase (IMO form)'!Y27 -> DFA BACOLOD | O32: ='DataBase (IMO form)'!X27 -> 47401
C33: ='DataBase (IMO form)'!B28 -> 21 | D33: ='DataBase (IMO form)'!D28 -> DOMONDON | E33: ='DataBase (IMO form)'!E28 -> DEXTER | F33: ='DataBase (IMO form)'!C28 -> OS | G33: ='DataBase (IMO form)'!L28 -> FILIPINO | H33: ='DataBase (IMO form)'!I28 -> 36084 | I33: ='DataBase (IMO form)'!K28 -> MARIKINA CITY | J33: ='DataBase (IMO form)'!#REF! -> #REF! | K33: ='DataBase (IMO form)'!H28 -> M | L33: PASSPORT | M33: ='DataBase (IMO form)'!W28 -> P6400609A | N33: ='DataBase (IMO form)'!Y28 -> DFA NCR WEST | O33: ='DataBase (IMO form)'!X28 -> 46824
C34: ='DataBase (IMO form)'!B29 -> 22 | D34: ='DataBase (IMO form)'!D29 -> DACANAY | E34: ='DataBase (IMO form)'!E29 -> JAYSON | F34: ='DataBase (IMO form)'!C29 -> FITTER | G34: ='DataBase (IMO form)'!L29 -> FILIPINO | H34: ='DataBase (IMO form)'!I29 -> 33621 | I34: ='DataBase (IMO form)'!K29 -> SISON PANGASINAN | J34: ='DataBase (IMO form)'!#REF! -> #REF! | K34: ='DataBase (IMO form)'!H29 -> M | L34: PASSPORT | M34: ='DataBase (IMO form)'!W29 -> P6556840B | N34: ='DataBase (IMO form)'!Y29 -> DFA LA UNION | O34: ='DataBase (IMO form)'!X29 -> 47931
C35: ='DataBase (IMO form)'!B30 -> 23 | D35: ='DataBase (IMO form)'!D30 -> APID | E35: ='DataBase (IMO form)'!E30 -> LORD BYRON | F35: ='DataBase (IMO form)'!C30 -> MTM | G35: ='DataBase (IMO form)'!L30 -> FILIPINO | H35: ='DataBase (IMO form)'!I30 -> 32630 | I35: ='DataBase (IMO form)'!K30 -> DIONISIO ILOILO | J35: ='DataBase (IMO form)'!#REF! -> #REF! | K35: ='DataBase (IMO form)'!H30 -> M | L35: PASSPORT | M35: ='DataBase (IMO form)'!W30 -> P6351015A | N35: ='DataBase (IMO form)'!Y30 -> DFA MANILA | O35: ='DataBase (IMO form)'!X30 -> 46820
C36: ='DataBase (IMO form)'!B31 -> 24 | D36: ='DataBase (IMO form)'!D31 -> BRILLANTES | E36: ='DataBase (IMO form)'!E31 -> FER ANN | F36: ='DataBase (IMO form)'!C31 -> MTM | G36: ='DataBase (IMO form)'!L31 -> FILIPINO | H36: ='DataBase (IMO form)'!I31 -> 33831 | I36: ='DataBase (IMO form)'!K31 -> ILOILO CITY | J36: ='DataBase (IMO form)'!#REF! -> #REF! | K36: ='DataBase (IMO form)'!H31 -> M | L36: PASSPORT | M36: ='DataBase (IMO form)'!W31 -> P7519115A | N36: ='DataBase (IMO form)'!Y31 -> DFA ILOILO | O36: ='DataBase (IMO form)'!X31 -> 46914
C37: ='DataBase (IMO form)'!B32 -> 25 | D37: ='DataBase (IMO form)'!D32 -> FLORES | E37: ='DataBase (IMO form)'!E32 -> NORIEL | F37: ='DataBase (IMO form)'!C32 -> WIPER | G37: ='DataBase (IMO form)'!L32 -> FILIPINO | H37: ='DataBase (IMO form)'!I32 -> 36550 | I37: ='DataBase (IMO form)'!K32 -> P GALERA OR MDO | J37: ='DataBase (IMO form)'!#REF! -> #REF! | K37: ='DataBase (IMO form)'!H32 -> M | L37: PASSPORT | M37: ='DataBase (IMO form)'!W32 -> P1950890C | N37: ='DataBase (IMO form)'!Y32 -> DFA NCR SOUTH | O37: ='DataBase (IMO form)'!X32 -> 48494
C38: ='DataBase (IMO form)'!B33 -> 26 | D38: ='DataBase (IMO form)'!D33 -> ESTRABELA | E38: ='DataBase (IMO form)'!E33 -> ARIES | F38: ='DataBase (IMO form)'!C33 -> CHIEF COOK | G38: ='DataBase (IMO form)'!L33 -> FILIPINO | H38: ='DataBase (IMO form)'!I33 -> 34876 | I38: ='DataBase (IMO form)'!K33 -> BARCELONA SSG | J38: ='DataBase (IMO form)'!#REF! -> #REF! | K38: ='DataBase (IMO form)'!H33 -> M | L38: PASSPORT | M38: ='DataBase (IMO form)'!W33 -> P6676452B | N38: ='DataBase (IMO form)'!Y33 -> DFA NCR EAST | O38: ='DataBase (IMO form)'!X33 -> 47957
C39: ='DataBase (IMO form)'!B34 -> 27 | D39: ='DataBase (IMO form)'!D34 -> ALLADO | E39: ='DataBase (IMO form)'!E34 -> KEITH VINCENT | F39: ='DataBase (IMO form)'!C34 -> ASS COOK | G39: ='DataBase (IMO form)'!L34 -> FILIPINO | H39: ='DataBase (IMO form)'!I34 -> 34074 | I39: ='DataBase (IMO form)'!K34 -> SAMPALOC QUEZON | J39: ='DataBase (IMO form)'!#REF! -> #REF! | K39: ='DataBase (IMO form)'!H34 -> M | L39: PASSPORT | M39: ='DataBase (IMO form)'!W34 -> P6096925B | N39: ='DataBase (IMO form)'!Y34 -> DFA LUCENA | O39: ='DataBase (IMO form)'!X34 -> 47862
C40: ='DataBase (IMO form)'!B35 -> 28 | D40: ='DataBase (IMO form)'!D35 -> ABES | E40: ='DataBase (IMO form)'!E35 -> JAMES DARWIN | F40: ='DataBase (IMO form)'!C35 -> MSM | G40: ='DataBase (IMO form)'!L35 -> FILIPINO | H40: ='DataBase (IMO form)'!I35 -> 36409 | I40: ='DataBase (IMO form)'!K35 -> GITAGUM MIS OR | J40: ='DataBase (IMO form)'!#REF! -> #REF! | K40: ='DataBase (IMO form)'!H35 -> M | L40: PASSPORT | M40: ='DataBase (IMO form)'!W35 -> P3071209C | N40: ='DataBase (IMO form)'!Y35 -> DFA BUTUAN | O40: ='DataBase (IMO form)'!X35 -> 48604 | T40: N
C41: 18. Date and signature by master, authorized agent or officer
D42: =J7 -> 0
H45: Capt. Wendt Robert
H46: M a s t e r

Sheet MDoH
A2: MARITIME DECLARATION OF HEALTH
A4: To be completed and sudmitted to the competed authorities by the Masters of ships arriving from foreign ports
A6: Submitted at the port of | E6: =M.Menu!L11&", "&M.Menu!L12 -> Sabine Pass, U.S.A. | H6: Date | K6: =M.Menu!L13 -> 46106
A7: Name of Ship or inland navigation vessel | E7: =M.Menu!E3 -> Energy Endurance | H7: Registration/IMO No | K7: =M.Menu!L3 -> 9948695
A8: arriving from | E8: =M.Menu!E11&", "&M.Menu!E12 -> BARCARENA, BRAZIL | H8: Sailing to | K8: =M.Menu!S11&""&M.Menu!S12 -> BARCARENABRAZIL
A9: (Nationality)(Flag of vessel) | E9: =M.Menu!L8 -> Marshall Islands | H9: Master's name | K9: =M.Menu!S15 -> CAPT. WENDT ROBERT
A10: Gross tonnage (ship) | E10: 114195
A11: Tonnage (inland navigation vessel) | E11: N/A
A13: Valid Sanitation Control Exemption/Control Certificate carried on board? | H13: Issued at | I13: Mukran, Germany | K13: 45954
A15: Re-inspection required?
A16: Has ship/vessel visited an affected area identified by the World Health Organization?
A17: Port and date of visit
A19: List ports of call from commencement of voyage with dates of departure, or within past thirty days, whichever is shorter:
A20: 1 | B20: Barcarena, Brazil 03.03.2026
A21: 2
A22: 3
A23: 4
A25: Upon request of the competent authority at the port of arrival, list crew members, passengers or other persons who have joined ship/vessel
A26: since international voyage began or within past thirty days, whichever is shorter, includind all ports/countries visited in this period
A27: (add additional names to the attached schedule):
A28: (1) Name | E28: joined from: (1) | K28: (3).
A29: (2) Name | E29: joined from: (1) | K29: (3).
A30: (3) Name | E30: joined from: (1) | K30: (3).
A31: (4) Name | E31: joined from: (1) | I31: (2). | K31: (3).
A32: (5) Name | E32: joined from: (1) | I32: (2). | K32: (3).
A33: (6) Name | E33: joined from: (1) | I33: (2). | K33: (3).
A34: (7) Name | E34: joined from: (1) | I34: (2). | K34: (3).
A35: (8) Name | E35: joined from: (1) | I35: (2). | K35: (3).
A36: (9) Name | E36: joined from: (1) | I36: (2). | K36: (3).
A37: (10) Name | E37: joined from: (1) | I37: (2). | K37: (3).
A38: Number of crew members on board | D38: =M.Menu!$S$7 -> 28 | E38: persons
A39: Number of passenger on board | D39: 0 | E39: persons
D41: Health Questions
K42: Yes | L42: No
A43: (1) Has any person died on board during the voyage otherwise than as result of accident?
A44: if yes, state particulars in attached schedule. Total no. of deaths | H44: NIL
A46: (2) Is there on board or has there been during the international voyage any case of disease which you suspect to be of an
A47: infectious nature? if yes, state particulars in attached schedule.
A49: (3) Has the total number of ill passenger during the voyage been greater than normal / expected?
A50: How many ill persons? | C50: NIL
A52: (4) Is there any ill person on board now? if yes, state particulars in attached schedule.
A54: (5) Was a medical practitioner cosulted? if yes, state particulars of medical treatment or adviceprovided in attached schedule.
A56: (6) Are you aware of any condition on board which may lead to infection or spread of desease?
A57: if yes, state particulars in attached schedule.
A59: (7) Has any sanitary measure (e.g. quarantine, isolation, disinfection or decontamination) been applied on board?
A60: If yes, specify type, place and date
A62: (8) Have any stowaways been found on board? If yes, where did they join the ship (if known) ?
A64: (9) Is there a sick animal or pet on board?
A66: Note: In the absence of surgeon, Master sould regard the following syptoms as grounds for suspecting the existence of a disease of an
A67: infection nature:
A68: (a) fever, persisting for several days or accompanied by (i) prostration, (ii) decreased consciousness, (iii) glandular swelling;
B69: (iv) jaundice; (v) cough or shortness of breadth; (vi) unusual bleeding; or (vii) paralysis.
A70: (b) with or without fever: (i) any acute skin rash or eruption ; (ii) sever vomiting (other than sea sickness); (iii) severe
B71: diarrhoea; or (iv) convulsion.
A72: I hereby declarate that the particulars and answers to the quenstions given in this declaration of health (inclunding the schedule) are true and
A73: correct to the best of my knowledge and belief
F75: Signed: | H75: =M.Menu!S15 -> CAPT. WENDT ROBERT
H76: Master
F78: Countersigned: | H78: N/A
A79: Date: | B79: =M.Menu!L13 -> 46106 | G79: Ship's Surgeon, (if carried)

Sheet MDoH Att_1
B2: ATTACHMENT TO MARITIME DECLARATION OF HEALTH
B4: Name | C4: Class or Rating | D4: Age | E4: Sex | F4: Nationality | G4: Port, date joined ship/vessel | H4: Nature of illness | I4: Date of onset of symptoms | J4: Reported to a port medical officer? | K4: Disposal of case*
B19: * State: (1) whether the person recovered, is still ill or died; and (2) whether the person is still on board, was wevacuated (including the name of the port or airport), or was buried at sea

Sheet Narcotics
B1: CONTROLLED MEDICINES / SUBSTANCES LIST
B2: INCLUDING NARCOTIC SUBSTITUTES
B4: Vessel | D4: IMO No. | E4: Arrival Port
B5: =M.Menu!E3 -> Energy Endurance | D5: =M.Menu!L3 -> 9948695 | E5: =M.Menu!L11&", "&M.Menu!L12 -> Sabine Pass, U.S.A.
B6: Nationality | D6: Call Sign | E6: Arrival Date
B7: =M.Menu!L8 -> Marshall Islands | D7: =M.Menu!E4 -> V7A7282 | E7: =M.Menu!L13 -> 46106
B9: No. | C9: Name of Article | E9: Expiration Date | F9: Quantity
B10: 1 | C10: Tramadol Capsules | D10: Tramadol 50mg | E10: 46357 | F10: 10 Capsules
B11: 2 | C11: Tramadol Injection | D11: Tramadol 50mg Injection Pkt/50 | E11: 46327 | F11: 49
B12: 3 | C12: Phenytoin Injection | D12: Phenytoin Sodium Injection 100mg/2ml | E12: 46174 | F12: 1 Pkt
B13: 4 | C13: Maccol Injection | D13: Injection 10mg/2ml | E13: 46266 | F13: 3 Pkt
B14: 5 | C14: Naloxone HCL injection | D14: Nalaxone 1ml/0.4mg | E14: 46235 | F14: 1 Pkt
B15: 6 | C15: Lasix Amp | D15: ampoules 5x 20mg/2ml | E15: 46784 | F15: 1 Pkt
B16: 7 | C16: Xylozan 2% lidocaine Hydrochloride | D16: Vials 50ml | E16: 3x May-26 / 2x May-27 | F16: 5 Pkt
B17: 8 | C17: Aloperidin | D17: Ampoules 5mg/ml | E17: 1x Mar-26 1x Oct-26 / 3x Mar-27 | F17: 5 Pkt
B18: 9 | C18: Atropine Sulphate | D18: Ampoules 1mg/1ml | E18: 46113 | F18: 2 Pkt
B19: 10 | C19: Vitamin K1 | D19: Injection 10mg/ml | E19: 46234 | F19: 1 Pkt
B20: 11 | C20: SOLIDON Chlorpromazine hydrochloride | D20: tablets 100mg | E20: 46722 | F20: 2 Pkt
B21: 12 | C21: FORINPIA tablets | D21: tablets 25mg | E21: 46174 | F21: 5 pkt
B22: 13 | C22: CALM LIFE tablets | D22: 100 tablets | E22: 46143 | F22: 1 pkt
B24: **** Under master's care in safe locker ****
E27: =M.Menu!S15 -> CAPT. WENDT ROBERT
E28: M a s t e r

Sheet Passenger List IMO
F1: PASSENGER LIST
F2: (IMO FAL Form 6)
K3: Arrival | O3: X | P3: Departure | T3: 1 | U3: Page Number
A4: 1.1 Name of ship | C4: =M.Menu!E3 -> Energy Endurance | H4: 1.2 IMO number | L4: =M.Menu!L3 -> 9948695 | U4: 1.3 Call Sign | X4: =M.Menu!E4 -> V7A7282
A6: 1.4 Voyage number | C6: =M.Menu!S13 -> VOY16 | E6: 2. Port of arrival/departure | H6: =M.Menu!L11&", "&M.Menu!L12 -> Sabine Pass, U.S.A. | K6: 3. Date of arrival/departure | R6: 4. Flag State of ship | S6: =M.Menu!L13 -> 46106 | T6: 4.Flag state of ship | X6: =M.Menu!L8 -> Marshall Islands
A8: 5. Family name | B8: 6. Given names | C8: 7. Nationality | E8: 8. Date of birth | F8: 9. Place of birth | G8: 10. Gender | I8: 11. Type of identity or travel document | L8: 12. Serial number of identity or travel document | N8: 13. Issuing State of identity or travel document | S8: 14.Expiry date of identity or travel document | V8: 15. Port of embarkation | W8: 16. Visa number if appropriate | X8: 17. Port of disembarkation | AA8: 18. Transit passenger or not
A9: NIL
W19: 0
A21: 19. Date and signature by master, authorized agent or officer
A24: =S6 -> 46106
T32: =M.Menu!S15 -> CAPT. WENDT ROBERT
V33: Master

Sheet ListofPort
B2: LIST OF PORTS
B4: Vessel | F4: IMO No. | J4: Port of Arrival
B5: =M.Menu!E5&" "&M.Menu!E3 -> LNG/C Energy Endurance | F5: =M.Menu!L3 -> 9948695 | J5: =M.Menu!L11&", "&M.Menu!L12 -> Sabine Pass, U.S.A.
B6: Nationality | F6: Call Sign | J6: Last Port of Call
B7: =M.Menu!L8 -> Marshall Islands | F7: =M.Menu!E4 -> V7A7282 | J7: =GALVESTON&", "&M.Menu!E12 -> BARCARENA, BRAZIL
B9: No. | C9: PORT | D9: COUNTRY | E9: ARRIVAL | F9: DEPARTURE | G9: Ship Security Level | H9: Port Facility Security Level | I9: Any special or additional security measures taken | J9: REASON OF CALL | K9: UN LOCODE
B10: 1 | C10: BARCARENA | D10: BRAZIL | E10: 46079 | F10: 46084 | G10: 1 | H10: 1 | I10: No extra measures | J10: Discharging, Crew changes, Receiving Stores and Provisions | K10: BRBCA
B11: 2 | C11: ALTAMIRA | D11: MEXICO | E11: 46063 | F11: 46065 | G11: 1 | H11: 1 | I11: No extra measures | J11: Loading | K11: MXATM
B12: 3 | C12: SAINT JOHN | D12: CANADA | E12: 46053 | F12: 46056 | G12: 1 | H12: 1 | I12: No extra measures | J12: Discharging | K12: CASJB
B13: 4 | C13: FREEPORT | D13: BAHAMAS | E13: 46049 | F13: 46049 | G13: 1 | H13: N/A | I13: No extra measures | J13: Crew Changes | K13: BSFPO
B14: 5 | C14: FREEPORT | D14: BAHAMAS | E14: 46035 | F14: 46035 | G14: 1 | H14: N/A | I14: No extra measures | J14: Crew Changes | K14: BSFPO
B15: 6 | C15: ALTAMIRA | D15: MEXICO | E15: 46024 | F15: 46031 | G15: 1 | H15: 1 | I15: No extra measures | J15: Loading | K15: MXATM
B16: 7 | C16: ALGECIRAS | D16: SPAIN | E16: 46010 | F16: 46010 | G16: 1 | H16: N/A | I16: No extra measures | J16: Receiving stores | K16: ESALG
B17: 8 | C17: DAMIETTA | D17: EGYPT | E17: 45998 | F17: 46005 | G17: 1 | H17: 1 | I17: No extra measures | J17: Disharging,Crew Changes | K17: EGDAM
B18: 9 | C18: FREEPORT | D18: BAHAMAS | E18: 45984 | F18: 45984 | G18: 1 | H18: N/A | I18: No extra measures | J18: Crew Changes | K18: BSFPO
B19: 10 | C19: SABINE PASS | D19: USA | E19: 45980 | F19: 45981 | G19: 1 | H19: 1 | I19: No extra measures | J19: Loading, Crew Changes, Receiving Provisions | K19: USNSS
B20: 11 | C20: MUKRAN | D20: GERMANY | E20: 45954 | F20: 45957 | G20: 1 | H20: 1 | I20: No extra measures | J20: Disharging,Crew Changes,Receiving Provisions, Sire Inspection | K20: DEMUK
B21: 12 | C21: ALTAMIRA | D21: MEXICO | E21: 45922 | F21: 45927 | G21: 1 | H21: 1 | I21: No extra measures | J21: Loading | K21: MXATM
B22: 13 | C22: BALBOA | D22: PANAMA | E22: 45898 | F22: 45906 | G22: 1 | H22: 1 | I22: No extra measures | J22: Transit, Crew Changes, Receiving Provisions | K22: PABLB
B23: 14 | C23: LA PAZ | D23: MEXICO | E23: 45889 | F23: 45892 | G23: 1 | H23: 1 | I23: No extra measures | J23: Discharging | K23: MXLAP
B24: 15 | C24: BALBOA | D24: PANAMA | E24: 45883 | F24: 45883 | G24: 1 | H24: 1 | I24: No extra measures | J24: Transit, Crew Changes, Garbage delivery | K24: PABLB
B25: 16 | C25: CRISTOBAL | D25: PANAMA | E25: 45882 | F25: 45883 | G25: 1 | H25: 1 | I25: No extra measures | J25: Transit, Crew Changes | K25: PACTB
B26: 17 | C26: SAVANNAH | D26: U.S.A. | E26: 45876 | F26: 45877 | G26: 1 | H26: 1 | I26: No extra measures | J26: Loading | K26: USSAV
B27: 18 | C27: GOLA | D27: U.S.A. | E27: 45865 | F27: 45867 | G27: 1 | H27: 1 | I27: No extra measures | J27: Crew changes, Stores, Provisions | K27: USGLS
B28: 19 | C28: ALTAMIRA | D28: MEXICO | E28: 45856 | F28: 45859 | G28: 1 | H28: 1 | I28: No extra measures | J28: Loading | K28: MXATM
B29: 20 | C29: WILHELMSHAVEN | D29: GERMANY | E29: 45830 | F29: 45833 | G29: 1 | H29: 1 | I29: No extra measures | J29: Discharging, Crew changes, Receiving Stores and Provisions | K29: DEWVN
B30: 21 | C30: FREEPORT | D30: BAHAMAS | E30: 45817 | F30: 45817 | G30: 1 | H30: 1 | I30: No extra measures | J30: Crew changes | K30: BSFPO
B31: 22 | C31: PLAQUEMINES | D31: U.S.A. | E31: 45814 | F31: 45815 | G31: 1 | H31: 1 | I31: No extra measures | J31: Loading, Crew changes, Receiving Stores and Provisions | K31: USPLQ
B32: 23 | C32: WILHELMSHAVEN | D32: GERMANY | E32: 45793 | F32: 45797 | G32: 1 | H32: 1 | I32: No extra measures | J32: Discharging, Crew changes, Receiving Stores and Provisions | K32: DEWVN
... B44: 35 | C44: LAKE CHARLES | D44: U.S.A. | E44: 45596 | F44: 45598 | G44: 1 | H44: 1 | I44: No extra measures | J44: Cargo Loading Operation, Crew changes, Receiving Provisions | K44: USLCH
B45: 36 | C45: SINGAPORE ANCHORAGE | D45: SINGAPORE | E45: 45561 | F45: 45562 | G45: 1 | H45: N/A | I45: No extra measures | J45: Crew changes, Receiving Stores | K45: SGSIN
B46: 37 | C46: TIANJIN | D46: CHINA | E46: 45551 | F46: 45553 | G46: 1 | H46: 1 | I46: No extra measures | J46: Cargo Discharging Operation, Crew changes, Receiving Provisions | K46: CNTXG
B47: 38 | C47: OPL CAPE TOWN | D47: SOUTH AFRICA | E47: 45522 | F47: 45522 | G47: 1 | H47: N/A | I47: No extra measures | J47: Crew changes, Receiving Stores and Provisions | K47: ZACPT
B48: 39 | C48: SABINE PASS | D48: U.S.A. | E48: 45502 | F48: 45503 | G48: 1 | H48: 1 | I48: No extra measures | J48: Cargo Loading Operation, Crew changes, Receiving Stores and Provisions, Audits | K48: USNSS
B49: 40 | C49: PORT ESQUIVEL | D49: JAMAICA | E49: 45494 | F49: 45495 | G49: 1 | H49: 1 | I49: Implemented measures equivalent to level 2 | J49: Crew Change,STS Cargo Discharging Operation with FSRU Hoegh Gallant | K49: JMPEV
B50: 41 | C50: BALBOA | D50: PANAMA | E50: 45481 | F50: 45486 | G50: 1 | H50: 1 | I50: No extra measures | J50: Panama Canal Transit Crew Change and Receiving spares and stores | K50: PABLB
B51: 42 | C51: LA PAZ | D51: MEXICO | E51: 45461 | F51: 45465 | G51: 1 | H51: 1 | I51: No extra measures | J51: STS Cargo Discharging Operation with LNG/C Energos Grand, Crew changes, Receiving spares and stores, Inspections | K51: MXLAP
B52: 43 | C52: PUNTA ARENAS | D52: CHILE | E52: 45443 | F52: 45443 | G52: 1 | H52: 1 | I52: No extra measures | J52: Crew Change and Receiving spares | K52: CLPUQ
B53: 44 | C53: SABINE PASS | D53: U.S.A. | E53: 45422 | F53: 45423 | G53: 1 | H53: 1 | I53: No extra measures | J53: Cargo Loading Operation, Crew changes, Receiving Stores and Provisions, Audits | K53: USNSS
B54: 45 | C54: LIMETREE BAY, ST. CROIX | D54: U.S. VIRGIN ISLANDS | E54: 45411 | F54: 45413 | G54: 1 | H54: 1 | I54: No extra measures | J54: STS Cargo Discharging Operation with LNG/C Galsog Singapore, Crew changes | K54: VISTX
B55: 46 | C55: PORT ESQUIVEL | D55: JAMAICA | E55: 45400 | F55: 45401 | G55: 1 | H55: 1 | I55: Implemented measures equivalent to level 2 | J55: STS Cargo Discharging Operation with FSRU Hoegh Gallant | K55: JMPEV
B56: 47 | C56: KINGSTON OPL | D56: JAMAICA | E56: 45390 | F56: 45400 | G56: 1 | H56: 1 | I56: Implemented measures equivalent to level 2 | J56: Waiting for berthing Instructions, receiving stores/provisions and crew changes | K56: JMKIN
B57: 48 | C57: BONNY | D57: NIGERIA | E57: 45376 | F57: 45377 | G57: 1 | H57: 1 | I57: Implemented measures equivalent to level 2 | J57: Cargo Operation | K57: NGBON
B58: 49 | C58: SINGAPORE | D58: SINGAPORE | E58: 45331 | F58: 45337 | G58: 1 | H58: 1 | I58: Implemented measures equivalent to level 2 | J58: Cargo Operation, Bunkering Operation, Receiving stores | K58: SGSIN
B59: 50 | C59: BUSAN | D59: SOUTH KOREA | E59: 45321 | F59: 45322 | G59: 1 | H59: 1 | I59: No extra measures | J59: Bunkering Operation | K59: KRYOS
... B61: 52 | C61: MOKPO | D61: SOUTH KOREA | E61: 45314 | F61: 45316 | G61: 1 | H61: 1 | I61: No extra measures | J61: Vessel's delivery | K61: KRMOK
J64: =M.Menu!S15 -> CAPT. WENDT ROBERT
J65: MASTER
B67: 26
B71: 1
B72: 1
B73: 1
B74: 1
B75: 1
B76: 1
B77: 1
B78: 1
B79: 1
B80: 1
B81: 1
... B294: 249
B295: 250 | L295: 41470 | M295: 41486 | N295: Left Anchorage: 28-Aug-13
B296: 251
B297: 252
B298: 253
B299: 254
B300: 255
B301: 256 | L301: 23-SEPT-13 - IN ANCHORAGE
B302: 257
B303: 258 | L303: 1st STS on 10-Oct-13 1500HLT- 11-Oct-13 07:18LT
B304: 259 | L304: Anchorage 15-Oct-13 - Crew Change/Bunkering/Provisions/ Transitted 19-oct-13
B305: 260 | L305: Anchorage 19-Oct-13 waiting for orders
B306: 261 | L306: Anchorage 26-30-Oct-13 berthed: 31-oct-13 nustar terminal
B307: 262 | L307: Anchorage 04-Nov-13 to 10-Nov-13
B308: 263 | L308: Anchorage 12-Nov-13 to 15-Nov-13
B309: 264
B310: 265 | L310: 24-nov-13 Port was closed due to weather. Drifting until 26-Nov-13
B311: 266 | L311: After Discharging Cargo 27-nov-13 commence loading , Went to Anchorage 29-Nov-13 until 05-dec-13
B312: 267 | L312: IMT TERMINAL BAYONNE - 14-Dec-13 Left to Anchorage till 15-Dec-13
B313: 268 | L313: Hess Terminal Bayonne
B314: 269 | L314: Gordon Terminal Bayonne
B315: 270 | L315: IMT Terminal Bayonne
B316: 271
B317: 272 | L317: After Completion Drifiting From 11-Jan-14 until 02-Feb-14
B318: 273
B319: 274 | L319: 01-Mar-14 Anchored until 06-Mar-14
B320: 275
B321: 276 | L321: 26-Mar-14 - Arrive at Westhinder Anchorage
B322: 277
B323: 278 | L323: Arrived in Anchorage 24-Apr-14
B324: 279
B325: 280 | L325: Arrived in Anchorage 17-Apr-14 to 20-May-14
B326: 281 | L326: Bunkering only
B327: 282 | L327: Drifting/Anchorage
B328: 283
B329: 284
B330: 285
B331: 286
B332: 287
B333: 288
...

Sheet List of Last 10 Port of Calls
B2: LIST OF LAST 10 PORT OF CALL
B4: Vessel | F4: IMO No. | J4: Port of Arrival
B5: =M.Menu!E3 -> Energy Endurance | F5: =M.Menu!L3 -> 9948695 | J5: =ListofPort!J5 -> Sabine Pass, U.S.A.
B6: Nationality | F6: Call Sign | J6: Last Port of Call
B7: =M.Menu!L8 -> Marshall Islands | F7: =M.Menu!E4 -> V7A7282 | J7: =ListofPort!J7 -> BARCARENA, BRAZIL
B9: =ListofPort!B9 -> No. | C9: =ListofPort!C9 -> PORT | D9: =ListofPort!D9 -> COUNTRY | E9: =ListofPort!E9 -> ARRIVAL | F9: =ListofPort!F9 -> DEPARTURE | G9: =ListofPort!G9 -> Ship Security Level | H9: =ListofPort!H9 -> Port Facility Security Level | I9: =ListofPort!I9 -> Any special or additional security measures taken | ... K9: =ListofPort!K9 -> UN LOCODE
B10: 1 | C10: =ListofPort!C10 -> BARCARENA | D10: =ListofPort!D10 -> BRAZIL | E10: =ListofPort!E10 -> 46079 | F10: =ListofPort!F10 -> 46084 | G10: =ListofPort!G10 -> 1 | H10: =ListofPort!H10 -> 1 | I10: =ListofPort!I10 -> No extra measures | J10: =ListofPort!J10 -> Discharging, Crew changes, Receiving Stores and Provisions | K10: =ListofPort!K10 -> BRBCA
B11: 2 | C11: =ListofPort!C11 -> ALTAMIRA | D11: =ListofPort!D11 -> MEXICO | E11: =ListofPort!E11 -> 46063 | F11: =ListofPort!F11 -> 46065 | G11: =ListofPort!G11 -> 1 | H11: =ListofPort!H11 -> 1 | I11: =ListofPort!I11 -> No extra measures | J11: =ListofPort!J11 -> Loading | K11: =ListofPort!K11 -> MXATM
B12: 3 | C12: =ListofPort!C12 -> SAINT JOHN | D12: =ListofPort!D12 -> CANADA | E12: =ListofPort!E12 -> 46053 | F12: =ListofPort!F12 -> 46056 | G12: =ListofPort!G12 -> 1 | H12: =ListofPort!H12 -> 1 | I12: =ListofPort!I12 -> No extra measures | J12: =ListofPort!J12 -> Discharging | K12: =ListofPort!K12 -> CASJB
B13: 4 | C13: =ListofPort!C13 -> FREEPORT | D13: =ListofPort!D13 -> BAHAMAS | E13: =ListofPort!E13 -> 46049 | F13: =ListofPort!F13 -> 46049 | G13: =ListofPort!G13 -> 1 | H13: =ListofPort!H13 -> N/A | I13: =ListofPort!I13 -> No extra measures | J13: =ListofPort!J13 -> Crew Changes | K13: =ListofPort!K13 -> BSFPO
B14: 5 | C14: =ListofPort!C14 -> FREEPORT | D14: =ListofPort!D14 -> BAHAMAS | E14: =ListofPort!E14 -> 46035 | F14: =ListofPort!F14 -> 46035 | G14: =ListofPort!G14 -> 1 | H14: =ListofPort!H14 -> N/A | I14: =ListofPort!I14 -> No extra measures | J14: =ListofPort!J14 -> Crew Changes | K14: =ListofPort!K14 -> BSFPO
B15: 6 | C15: =ListofPort!C15 -> ALTAMIRA | D15: =ListofPort!D15 -> MEXICO | E15: =ListofPort!E15 -> 46024 | F15: =ListofPort!F15 -> 46031 | G15: =ListofPort!G15 -> 1 | H15: =ListofPort!H15 -> 1 | I15: =ListofPort!I15 -> No extra measures | J15: =ListofPort!J15 -> Loading | K15: =ListofPort!K15 -> MXATM
B16: 7 | C16: =ListofPort!C16 -> ALGECIRAS | D16: =ListofPort!D16 -> SPAIN | E16: =ListofPort!E16 -> 46010 | F16: =ListofPort!F16 -> 46010 | G16: =ListofPort!G16 -> 1 | H16: =ListofPort!H16 -> N/A | I16: =ListofPort!I16 -> No extra measures | J16: =ListofPort!J16 -> Receiving stores | K16: =ListofPort!K16 -> ESALG
B17: 8 | C17: =ListofPort!C17 -> DAMIETTA | D17: =ListofPort!D17 -> EGYPT | E17: =ListofPort!E17 -> 45998 | F17: =ListofPort!F17 -> 46005 | G17: =ListofPort!G17 -> 1 | H17: =ListofPort!H17 -> 1 | I17: =ListofPort!I17 -> No extra measures | J17: =ListofPort!J17 -> Disharging,Crew Changes | K17: =ListofPort!K17 -> EGDAM
B18: 9 | C18: =ListofPort!C18 -> FREEPORT | D18: =ListofPort!D18 -> BAHAMAS | E18: =ListofPort!E18 -> 45984 | F18: =ListofPort!F18 -> 45984 | G18: =ListofPort!G18 -> 1 | H18: =ListofPort!H18 -> N/A | I18: =ListofPort!I18 -> No extra measures | J18: =ListofPort!J18 -> Crew Changes | K18: =ListofPort!K18 -> BSFPO
B19: 10 | C19: =ListofPort!C19 -> SABINE PASS | D19: =ListofPort!D19 -> USA | E19: =ListofPort!E19 -> 45980 | F19: =ListofPort!F19 -> 45981 | G19: =ListofPort!G19 -> 1 | H19: =ListofPort!H19 -> 1 | I19: =ListofPort!I19 -> No extra measures | J19: =ListofPort!J19 -> Loading, Crew Changes, Receiving Provisions | K19: =ListofPort!K19 -> USNSS
B20: 11 | C20: =ListofPort!C20 -> MUKRAN | D20: =ListofPort!D20 -> GERMANY | E20: =ListofPort!E20 -> 45954 | F20: =ListofPort!F20 -> 45957 | G20: =ListofPort!G20 -> 1 | H20: =ListofPort!H20 -> 1 | I20: =ListofPort!I20 -> No extra measures | J20: =ListofPort!J20 -> Disharging,Crew Changes,Receiving Provisions, Sire Inspection | K20: =ListofPort!K20 -> DEMUK
B21: 11 | C21: =ListofPort!C21 -> ALTAMIRA | D21: =ListofPort!D21 -> MEXICO | E21: =ListofPort!E21 -> 45922 | F21: =ListofPort!F21 -> 45927 | G21: =ListofPort!G21 -> 1 | H21: =ListofPort!H21 -> 1 | I21: =ListofPort!I21 -> No extra measures | J21: =ListofPort!J21 -> Loading | K21: =ListofPort!K21 -> MXATM
B23: =ListofPort!B28 -> 19 | C23: V 013 | D23: Dunkirk, France | E23: =ListofPort!#REF! -> #REF! | F23: =ListofPort!#REF! -> #REF! | G23: Discharging/ Receiving Stores/Provision/Crew Change | H23: DUNKIRK LNG TERMINAL | I23: FRDKK
B24: =ListofPort!B29 -> 20 | C24: =ListofPort!#REF! -> #REF! | D24: =ListofPort!#REF! -> #REF! | E24: =ListofPort!#REF! -> #REF! | F24: =ListofPort!#REF! -> #REF! | G24: =ListofPort!#REF! -> #REF! | H24: =ListofPort!#REF! -> #REF! | I24: =ListofPort!#REF! -> #REF!
B25: =ListofPort!B30 -> 21 | C25: =ListofPort!#REF! -> #REF! | D25: =ListofPort!#REF! -> #REF! | E25: =ListofPort!#REF! -> #REF! | F25: =ListofPort!#REF! -> #REF! | G25: =ListofPort!#REF! -> #REF! | H25: =ListofPort!#REF! -> #REF! | I25: =ListofPort!#REF! -> #REF!
B26: =ListofPort!B31 -> 22 | C26: =ListofPort!#REF! -> #REF! | D26: =ListofPort!#REF! -> #REF! | E26: =ListofPort!#REF! -> #REF! | F26: =ListofPort!#REF! -> #REF! | G26: =ListofPort!#REF! -> #REF! | H26: =ListofPort!#REF! -> #REF! | I26: =ListofPort!#REF! -> #REF!
H28: =M.Menu!S15 -> CAPT. WENDT ROBERT
H29: MASTER
B35: 1
B36: 1
B37: 1
B38: 1
B39: 1
B40: 1
B41: 1
B42: 1
B43: 1
B44: 1
B45: 1
B46: 1
... B258: 249
B259: 250 | J259: 41470 | K259: 41486 | L259: Left Anchorage: 28-Aug-13
B260: 251
B261: 252
B262: 253
B263: 254
B264: 255
B265: 256 | J265: 23-SEPT-13 - IN ANCHORAGE
B266: 257
B267: 258 | J267: 1st STS on 10-Oct-13 1500HLT- 11-Oct-13 07:18LT
B268: 259 | J268: Anchorage 15-Oct-13 - Crew Change/Bunkering/Provisions/ Transitted 19-oct-13
B269: 260 | J269: Anchorage 19-Oct-13 waiting for orders
B270: 261 | J270: Anchorage 26-30-Oct-13 berthed: 31-oct-13 nustar terminal
B271: 262 | J271: Anchorage 04-Nov-13 to 10-Nov-13
B272: 263 | J272: Anchorage 12-Nov-13 to 15-Nov-13
B273: 264
B274: 265 | J274: 24-nov-13 Port was closed due to weather. Drifting until 26-Nov-13
B275: 266 | J275: After Discharging Cargo 27-nov-13 commence loading , Went to Anchorage 29-Nov-13 until 05-dec-13
B276: 267 | J276: IMT TERMINAL BAYONNE - 14-Dec-13 Left to Anchorage till 15-Dec-13
B277: 268 | J277: Hess Terminal Bayonne
B278: 269 | J278: Gordon Terminal Bayonne
B279: 270 | J279: IMT Terminal Bayonne
B280: 271
B281: 272 | J281: After Completion Drifiting From 11-Jan-14 until 02-Feb-14
B282: 273
B283: 274 | J283: 01-Mar-14 Anchored until 06-Mar-14
B284: 275
B285: 276 | J285: 26-Mar-14 - Arrive at Westhinder Anchorage
B286: 277
B287: 278 | J287: Arrived in Anchorage 24-Apr-14
B288: 279
B289: 280 | J289: Arrived in Anchorage 17-Apr-14 to 20-May-14
B290: 281 | J290: Bunkering only
B291: 282 | J291: Drifting/Anchorage
B292: 283
B293: 284
B294: 285
B295: 286
B296: 287
B297: 288
B298: 289
B299: 290
B300: 291
B301: 292
B302: 293
B303: 294
... B305: 296
B306: 297 | J306: 5 STS
B307: 298
B308: 299
B309: 300
B310: 301
B311: 302
B312: 303
B313: 304
B314: 305
B315: =B314+1 -> 306
B316: =B315+1 -> 307
B317: =B316+1 -> 308
B318: =B317+1 -> 309
B319: =B318+1 -> 310
B320: 311
B321: 312
B322: 313
...

Sheet NIL-List
B1: NIL List
B4: Vessel | D4: IMO No. | E4: Port of Arrival
B5: =M.Menu!E3 -> Energy Endurance | D5: =M.Menu!L3 -> 9948695 | E5: =M.Menu!L11&", "&M.Menu!L12 -> Sabine Pass, U.S.A.
B6: Nationality | D6: Call Sign | E6: Date of Arrival
B7: =M.Menu!L8 -> Marshall Islands | D7: =M.Menu!E4 -> V7A7282 | E7: =M.Menu!L13 -> 46106
B9: No. | C9: Name of Article | E9: Quantity
B10: 1. | C10: ARMS & AMMUNITIONS | E10: NIL
B11: 2. | C11: SECURITY GUARD OR FIREARMS | E11: NIL
B12: 3. | C12: ANIMALS & BIRDS | E12: NIL
B13: 4 | C13: PASSENGER & STOWAWAYS | E13: NIL
B14: 5 | C14: SAME BOTTOM & DECK CARGO | E14: NIL
B15: 6 | C15: MAIL & PARCELS | E15: NIL
E26: =M.Menu!S15 -> CAPT. WENDT ROBERT
E27: M a s t e r

Sheet NIL-Cargo manifest
B2: NIL CARGO MANIFEST
B4: Vessel | D4: Date of Arrival | E4: Port of Arrival
B5: =" "&M.Menu!E3 -> Energy Endurance | D5: =M.Menu!L13 -> 46106 | E5: =M.Menu!L11&", "&M.Menu!L12 -> Sabine Pass, U.S.A.
B6: Nationality | D6: Call Sign | E6: Last Port Call
B7: =" "&M.Menu!L8 -> Marshall Islands | D7: =M.Menu!E4 -> V7A7282 | E7: =M.Menu!E11&", "&M.Menu!E12 -> BARCARENA, BRAZIL
E9: Quantity
C11: CARGO ON BOARD | E11: NIL
E31: =M.Menu!S16 -> CAPT. WENDT ROBERT
E32: M a s t e r

Sheet Crew Effect Declaration
B2: CREW'S EFFECTS DECLARATION
B3: (IMO FAL Form 4)
B4: 1.1 Name of ship | D4: =M.Menu!E3 -> Energy Endurance | J4: 1.2 IMO number | L4: =M.Menu!L3 -> 9948695
B6: 1.3 Call sign | D6: =M.Menu!E4 -> V7A7282 | J6: 1.4 Voyage number | L6: =M.Menu!S13 -> VOY16
B8: 2. Flag State of ship | D8: =M.Menu!L8 -> Marshall Islands
B10: 3. No. | C10: 4. Family name | E10: 5. Given names | F10: 6. Rank or rating | G10: Spirits | H10: Cigarettes | I10: Tobacco | J10: 7. Effects ineligible for relief from customs duties and taxes or subject to prohibitions or restrictions | M10: 8. Signature
B11: ='DataBase (IMO form)'!B8 -> 1 | C11: ='DataBase (IMO form)'!D8 -> WENDT | E11: ='DataBase (IMO form)'!E8 -> ROBERT KRZYSZTOF | F11: ='DataBase (IMO form)'!C8 -> MASTER | G11: - | H11: - | I11: - | J11: ='DataBase (IMO form)'!AO8 -> 2 Mobile phones, 1 Laptop, 1 Watch, 1 Gold ring, 1 Necklace
B12: ='DataBase (IMO form)'!B9 -> 2 | C12: ='DataBase (IMO form)'!D9 -> THANASIS | E12: ='DataBase (IMO form)'!E9 -> EVANGELOS | F12: ='DataBase (IMO form)'!C9 -> CHIEF OFF | G12: - | H12: - | I12: - | J12: 1 Mobile, 1 watch, 1 Laptop
B13: ='DataBase (IMO form)'!B10 -> 3 | C13: ='DataBase (IMO form)'!D10 -> TEJU | E13: ='DataBase (IMO form)'!E10 -> TOMA | F13: ='DataBase (IMO form)'!C10 -> TR CHIEF OFF | H13: - | J13: 1 Laptop, 1 Mobile phone, 1 Tablet, 1 watch, 1 E-book, Electric toothbrush, HDD
B14: ='DataBase (IMO form)'!B11 -> 4 | C14: ='DataBase (IMO form)'!D11 -> BUTS | E14: ='DataBase (IMO form)'!E11 -> KOSTIANTYN | F14: ='DataBase (IMO form)'!C11 -> 2ND OFF | G14: - | H14: - | I14: - | J14: ='DataBase (IMO form)'!AO11 -> 3 Mobile phones, 1 Laptop, 3HDD, 3 USB,1 Headphones
B15: ='DataBase (IMO form)'!B12 -> 5 | C15: ='DataBase (IMO form)'!D12 -> STAMATIOU | E15: ='DataBase (IMO form)'!E12 -> VASILEIOS | F15: ='DataBase (IMO form)'!C12 -> 3RD OFF | G15: - | H15: 200 | I15: - | J15: ='DataBase (IMO form)'!AO12 -> 2 Mobile phones, 1 Watch, 1 HDD, 3 USB, 1 Hairclipper
B16: ='DataBase (IMO form)'!B13 -> 6 | C16: ='DataBase (IMO form)'!D13 -> KOUIMOV | E16: ='DataBase (IMO form)'!E13 -> ENTOUARNT OR EDUARD | F16: ='DataBase (IMO form)'!C13 -> 3RD OFF | G16: - | I16: - | J16: 1 Laptop, 1 Phone, 1 Watch
B17: ='DataBase (IMO form)'!B14 -> 7 | C17: ='DataBase (IMO form)'!D14 -> CHATZIDIMITRIOU | E17: ='DataBase (IMO form)'!E14 -> MARIA | F17: ='DataBase (IMO form)'!C14 -> DECK CADET | G17: - | I17: - | J17: ='DataBase (IMO form)'!AO14 -> 2 Mobile phones, 1 Watch,1 Laptop
B18: ='DataBase (IMO form)'!B15 -> 8 | C18: ='DataBase (IMO form)'!D15 -> PETROPOULOS | E18: ='DataBase (IMO form)'!E15 -> CHRISTOS | F18: ='DataBase (IMO form)'!C15 -> CHIEF ENG | G18: - | I18: - | J18: ='DataBase (IMO form)'!AO15 -> 1 Laptop, 1 Mobile phone
B19: ='DataBase (IMO form)'!B16 -> 9 | C19: ='DataBase (IMO form)'!D16 -> SYTNYK | E19: ='DataBase (IMO form)'!E16 -> YEVGENIY | F19: ='DataBase (IMO form)'!C16 -> 2ND ENG | G19: - | H19: 200 | I19: - | J19: ='DataBase (IMO form)'!AO16 -> 1 Mobile phone, 1 Laptop, 2 HDD
B20: ='DataBase (IMO form)'!B17 -> 10 | C20: ='DataBase (IMO form)'!D17 -> KACHUR | E20: ='DataBase (IMO form)'!E17 -> MYKOLA | F20: ='DataBase (IMO form)'!C17 -> 3RD ENG | G20: - | I20: - | J20: ='DataBase (IMO form)'!AO17 -> 2 Mobile phones,1 Laptop, 1 shaver, 1 HDD, 1 SSD, I USB, 1 erigator
B21: ='DataBase (IMO form)'!B18 -> 11 | C21: ='DataBase (IMO form)'!D18 -> COLEASA | E21: ='DataBase (IMO form)'!E18 -> STEFAN CIPRIAN | F21: ='DataBase (IMO form)'!C18 -> 3RD ENG | G21: - | I21: - | J21: ='DataBase (IMO form)'!AO18 -> 2 Mobile phones, 1 Laptop, 1 HDD, 1 SSD, 3 USB, 2 Wrist watch, 1 Hairclipper, 1 Powerbank, 3 Flashlights
B22: ='DataBase (IMO form)'!B19 -> 12 | C22: ='DataBase (IMO form)'!D19 -> LOFTSALIS | E22: ='DataBase (IMO form)'!E19 -> APOSTOLOS | F22: ='DataBase (IMO form)'!C19 -> 4TH ENG | G22: - | I22: - | J22: 1 Mobile phones, 1 Watch
B23: ='DataBase (IMO form)'!B20 -> 13 | C23: ='DataBase (IMO form)'!D20 -> YEMELIANOV | E23: ='DataBase (IMO form)'!E20 -> RICHARD | F23: ='DataBase (IMO form)'!C20 -> GAS ENG | G23: - | I23: - | J23: ='DataBase (IMO form)'!AO20 -> 1 Mobile phone, 1 Laptop, 1 HDD, 1 Hairclipper
B24: ='DataBase (IMO form)'!B21 -> 14 | C24: ='DataBase (IMO form)'!D21 -> GIDEI | E24: ='DataBase (IMO form)'!E21 -> NICOLAE | F24: ='DataBase (IMO form)'!C21 -> SETO | G24: - | I24: - | J24: ='DataBase (IMO form)'!AO21 -> 2 Mobile phones, 1 Laptop
B25: ='DataBase (IMO form)'!B22 -> 15 | C25: ='DataBase (IMO form)'!D22 -> LADINES | E25: ='DataBase (IMO form)'!E22 -> RODOLFO JR. | F25: ='DataBase (IMO form)'!C22 -> BOSUN | G25: - | H25: 200 | I25: - | J25: 2 Mobile phones, 1 Gold ring, 1 watch, BT speaker
B26: ='DataBase (IMO form)'!B23 -> 16 | C26: ='DataBase (IMO form)'!D23 -> LUPAZ | E26: ='DataBase (IMO form)'!E23 -> ALBERTO JR. | F26: ='DataBase (IMO form)'!C23 -> AB | G26: - | I26: - | J26: 2 Mobile Phones,,1 Gold necklace, 1 Laptop, Speaker
B27: ='DataBase (IMO form)'!B24 -> 17 | C27: ='DataBase (IMO form)'!D24 -> PALERACIO | E27: ='DataBase (IMO form)'!E24 -> JOHN CALLED | F27: ='DataBase (IMO form)'!C24 -> AB | G27: - | I27: - | J27: 2 Mobile Phones, 1 Laptop, 2 HDD, 1 Earbuds, 1 Gold ring, 1 Gold necklace, 1 wrist watch, 2 flashlights, 1 humidifier, 1 fishing rod, 1 shaver,
B28: ='DataBase (IMO form)'!B25 -> 18 | C28: ='DataBase (IMO form)'!D25 -> RUFON | E28: ='DataBase (IMO form)'!E25 -> NOEL III | F28: ='DataBase (IMO form)'!C25 -> AB | G28: - | I28: - | J28: ='DataBase (IMO form)'!AO24 -> 1 Laptop, 1 Mobile phone
B29: ='DataBase (IMO form)'!B26 -> 19 | C29: ='DataBase (IMO form)'!D26 -> CASTILLO | E29: ='DataBase (IMO form)'!E26 -> TIMBERT | F29: ='DataBase (IMO form)'!C26 -> AB | G29: - | I29: - | J29: 1 Mobile phone, 1 watch
B30: ='DataBase (IMO form)'!B27 -> 20 | C30: ='DataBase (IMO form)'!D27 -> ACULIT | E30: ='DataBase (IMO form)'!E27 -> MIKE LISLIE | F30: ='DataBase (IMO form)'!C27 -> OS | G30: - | I30: - | J30: ='DataBase (IMO form)'!AO27 -> 2 Mobile phones, 1 Speaker, 1 Watch, 1 Hairclipper, 1 Airpods
B31: ='DataBase (IMO form)'!B28 -> 21 | C31: ='DataBase (IMO form)'!D28 -> DOMONDON | E31: ='DataBase (IMO form)'!E28 -> DEXTER | F31: ='DataBase (IMO form)'!C28 -> OS | G31: - | I31: - | J31: ='DataBase (IMO form)'!AO28 -> 2 Mobile phone, 1 HDD 1 Watch, Earrings
B32: ='DataBase (IMO form)'!B29 -> 22 | C32: ='DataBase (IMO form)'!D29 -> DACANAY | E32: ='DataBase (IMO form)'!E29 -> JAYSON | F32: ='DataBase (IMO form)'!C29 -> FITTER | G32: - | H32: 200 | I32: - | J32: ='DataBase (IMO form)'!AO29 -> 2 Mobile phones,1 Tablet, 1 Watch, 1 Hairclipper, 1 Earpods, 1 HDD, 1 Ring, 1 Wrist watch
B33: ='DataBase (IMO form)'!B30 -> 23 | C33: ='DataBase (IMO form)'!D30 -> APID | E33: ='DataBase (IMO form)'!E30 -> LORD BYRON | F33: ='DataBase (IMO form)'!C30 -> MTM | G33: - | I33: - | J33: ='DataBase (IMO form)'!AO30 -> 2 Mobile Phones, 1 Laptop, BT Mouse, 1 Gold ring, 2 usb, 1 HDD
B34: ='DataBase (IMO form)'!B31 -> 24 | C34: ='DataBase (IMO form)'!D31 -> BRILLANTES | E34: ='DataBase (IMO form)'!E31 -> FER ANN | F34: ='DataBase (IMO form)'!C31 -> MTM | G34: - | I34: - | J34: ='DataBase (IMO form)'!AO31 -> 2 Mobile Phones, 1 Laptop, 3 HDD
B35: ='DataBase (IMO form)'!B32 -> 25 | C35: ='DataBase (IMO form)'!D32 -> FLORES | E35: ='DataBase (IMO form)'!E32 -> NORIEL | F35: ='DataBase (IMO form)'!C32 -> WIPER | G35: - | I35: - | J35: ='DataBase (IMO form)'!AO32 -> 2 Mobile phones, 1 Watch
B36: ='DataBase (IMO form)'!B33 -> 26 | C36: ='DataBase (IMO form)'!D33 -> ESTRABELA | E36: ='DataBase (IMO form)'!E33 -> ARIES | F36: ='DataBase (IMO form)'!C33 -> CHIEF COOK | G36: - | I36: - | J36: ='DataBase (IMO form)'!AO33 -> 2 Mobile Phones, 1 Laptop, 1 BT speaker, 1HDD, 3 USB
B37: ='DataBase (IMO form)'!B34 -> 27 | C37: ='DataBase (IMO form)'!D34 -> ALLADO | E37: ='DataBase (IMO form)'!E34 -> KEITH VINCENT | F37: ='DataBase (IMO form)'!C34 -> ASS COOK | G37: - | I37: - | J37: 1 Mobiles Phone
B38: ='DataBase (IMO form)'!B35 -> 28 | C38: ='DataBase (IMO form)'!D35 -> ABES | E38: ='DataBase (IMO form)'!E35 -> JAMES DARWIN | F38: ='DataBase (IMO form)'!C35 -> MSM | G38: - | I38: - | J38: ='DataBase (IMO form)'!AO35 -> 1 Mobile phone,1 Earphone, 1 Powerbank, 1 Smartwatch, 1 Speaker, OTG
B39: 9. Date and signature by master, authorized agent or officer
B42: =M.Menu!L13 -> 46106
L46: =M.Menu!S15 -> CAPT. WENDT ROBERT
N47: Master

Sheet CrewMoneyDec
B2: MONEY DECLARATION
B3: CREW CURRENCY DECLARATION
B5: Vessel | E5: IMO No. | H5: Arrival Port
B6: =M.Menu!E5&" "&M.Menu!E3 -> LNG/C Energy Endurance | E6: =M.Menu!L3 -> 9948695 | H6: =M.Menu!L11&", "&M.Menu!L12 -> Sabine Pass, U.S.A.
B7: Nationality | E7: Call Sign | H7: Arrival Date
B8: =M.Menu!L8 -> Marshall Islands | E8: =M.Menu!E4 -> V7A7282 | H8: =M.Menu!L13 -> 46106
B10: No. | C10: Family Name | D10: Given Name | E10: Rank | F10: US Dollars | G10: Euro | H10: Other Currencies | I10: Signature
B11: ='DataBase (IMO form)'!B8 -> 1 | C11: ='DataBase (IMO form)'!D8 -> WENDT | D11: ='DataBase (IMO form)'!E8 -> ROBERT KRZYSZTOF | E11: ='DataBase (IMO form)'!C8 -> MASTER | F11: ='DataBase (IMO form)'!AL8 -> 0 | G11: ='DataBase (IMO form)'!AM8 -> 0 | H11: ='DataBase (IMO form)'!AN8 -> 0
B12: ='DataBase (IMO form)'!B9 -> 2 | C12: ='DataBase (IMO form)'!D9 -> THANASIS | D12: ='DataBase (IMO form)'!E9 -> EVANGELOS | E12: ='DataBase (IMO form)'!C9 -> CHIEF OFF | F12: ='DataBase (IMO form)'!AL9 -> 0 | G12: ='DataBase (IMO form)'!AM9 -> 0 | H12: ='DataBase (IMO form)'!AN9 -> 0
B13: ='DataBase (IMO form)'!B11 -> 4 | C13: ='DataBase (IMO form)'!D11 -> BUTS | D13: ='DataBase (IMO form)'!E11 -> KOSTIANTYN | E13: ='DataBase (IMO form)'!C11 -> 2ND OFF | F13: ='DataBase (IMO form)'!AL11 -> 0 | G13: ='DataBase (IMO form)'!AM11 -> 0 | H13: ='DataBase (IMO form)'!AN11 -> 0
B14: ='DataBase (IMO form)'!B12 -> 5 | C14: ='DataBase (IMO form)'!D12 -> STAMATIOU | D14: ='DataBase (IMO form)'!E12 -> VASILEIOS | E14: ='DataBase (IMO form)'!C12 -> 3RD OFF | F14: ='DataBase (IMO form)'!AL12 -> 0 | G14: ='DataBase (IMO form)'!AM12 -> 0 | H14: ='DataBase (IMO form)'!AN12 -> 0
B15: ='DataBase (IMO form)'!B13 -> 6 | C15: ='DataBase (IMO form)'!D13 -> KOUIMOV | D15: ='DataBase (IMO form)'!E13 -> ENTOUARNT OR EDUARD | E15: ='DataBase (IMO form)'!C13 -> 3RD OFF | F15: ='DataBase (IMO form)'!AL13 -> 0 | G15: ='DataBase (IMO form)'!AM13 -> 0 | H15: ='DataBase (IMO form)'!AN13 -> 0
B16: ='DataBase (IMO form)'!B14 -> 7 | C16: ='DataBase (IMO form)'!D14 -> CHATZIDIMITRIOU | D16: ='DataBase (IMO form)'!E14 -> MARIA | E16: ='DataBase (IMO form)'!C14 -> DECK CADET | F16: ='DataBase (IMO form)'!AL14 -> 0 | G16: ='DataBase (IMO form)'!AM14 -> 0 | H16: ='DataBase (IMO form)'!AN14 -> 0
B17: ='DataBase (IMO form)'!B15 -> 8 | C17: ='DataBase (IMO form)'!D15 -> PETROPOULOS | D17: ='DataBase (IMO form)'!E15 -> CHRISTOS | E17: ='DataBase (IMO form)'!C15 -> CHIEF ENG | F17: ='DataBase (IMO form)'!AL15 -> 0 | G17: ='DataBase (IMO form)'!AM15 -> 0 | H17: ='DataBase (IMO form)'!AN15 -> 0
B18: ='DataBase (IMO form)'!B16 -> 9 | C18: ='DataBase (IMO form)'!D16 -> SYTNYK | D18: ='DataBase (IMO form)'!E16 -> YEVGENIY | E18: ='DataBase (IMO form)'!C16 -> 2ND ENG | F18: ='DataBase (IMO form)'!AL16 -> 0 | G18: ='DataBase (IMO form)'!AM16 -> 0 | H18: ='DataBase (IMO form)'!AN16 -> 0
B19: ='DataBase (IMO form)'!B17 -> 10 | C19: ='DataBase (IMO form)'!D17 -> KACHUR | D19: ='DataBase (IMO form)'!E17 -> MYKOLA | E19: ='DataBase (IMO form)'!C17 -> 3RD ENG | F19: ='DataBase (IMO form)'!AL17 -> 0 | G19: ='DataBase (IMO form)'!AM17 -> 0 | H19: ='DataBase (IMO form)'!AN17 -> 0
B20: ='DataBase (IMO form)'!B18 -> 11 | C20: ='DataBase (IMO form)'!#REF! -> #REF! | D20: ='DataBase (IMO form)'!#REF! -> #REF! | E20: ='DataBase (IMO form)'!C18 -> 3RD ENG | F20: ='DataBase (IMO form)'!AL18 -> 0 | G20: ='DataBase (IMO form)'!AM18 -> 0 | H20: ='DataBase (IMO form)'!AN18 -> 0
B21: ='DataBase (IMO form)'!#REF! -> #REF! | C21: ='DataBase (IMO form)'!#REF! -> #REF! | D21: ='DataBase (IMO form)'!#REF! -> #REF! | E21: ='DataBase (IMO form)'!#REF! -> #REF! | F21: ='DataBase (IMO form)'!#REF! -> #REF! | G21: ='DataBase (IMO form)'!#REF! -> #REF! | H21: ='DataBase (IMO form)'!#REF! -> #REF!
B22: ='DataBase (IMO form)'!B20 -> 13 | C22: ='DataBase (IMO form)'!D20 -> YEMELIANOV | D22: ='DataBase (IMO form)'!E20 -> RICHARD | E22: ='DataBase (IMO form)'!C20 -> GAS ENG | F22: ='DataBase (IMO form)'!AL20 -> 0 | G22: ='DataBase (IMO form)'!AM20 -> 0 | H22: ='DataBase (IMO form)'!AN20 -> 0
B23: ='DataBase (IMO form)'!B21 -> 14 | C23: ='DataBase (IMO form)'!D21 -> GIDEI | D23: ='DataBase (IMO form)'!E21 -> NICOLAE | E23: ='DataBase (IMO form)'!C21 -> SETO | F23: ='DataBase (IMO form)'!AL21 -> 0 | G23: ='DataBase (IMO form)'!AM21 -> 0 | H23: ='DataBase (IMO form)'!AN21 -> 0
B24: ='DataBase (IMO form)'!#REF! -> #REF! | C24: ='DataBase (IMO form)'!D18 -> COLEASA | D24: ='DataBase (IMO form)'!E18 -> STEFAN CIPRIAN | E24: ='DataBase (IMO form)'!#REF! -> #REF! | F24: ='DataBase (IMO form)'!#REF! -> #REF! | G24: ='DataBase (IMO form)'!#REF! -> #REF! | H24: ='DataBase (IMO form)'!#REF! -> #REF!
B25: ='DataBase (IMO form)'!B22 -> 15 | C25: ='DataBase (IMO form)'!D22 -> LADINES | D25: ='DataBase (IMO form)'!E22 -> RODOLFO JR. | E25: ='DataBase (IMO form)'!C22 -> BOSUN | F25: ='DataBase (IMO form)'!AL22 -> 0 | G25: ='DataBase (IMO form)'!AM22 -> 0 | H25: ='DataBase (IMO form)'!AN22 -> 0
B26: ='DataBase (IMO form)'!B23 -> 16 | C26: ='DataBase (IMO form)'!D23 -> LUPAZ | D26: ='DataBase (IMO form)'!E23 -> ALBERTO JR. | E26: ='DataBase (IMO form)'!C23 -> AB | F26: ='DataBase (IMO form)'!AL23 -> 0 | G26: ='DataBase (IMO form)'!AM23 -> 0 | H26: ='DataBase (IMO form)'!AN23 -> 0
B27: ='DataBase (IMO form)'!B24 -> 17 | C27: ='DataBase (IMO form)'!D24 -> PALERACIO | D27: ='DataBase (IMO form)'!E24 -> JOHN CALLED | E27: ='DataBase (IMO form)'!C24 -> AB | F27: ='DataBase (IMO form)'!AL24 -> 0 | G27: ='DataBase (IMO form)'!AM24 -> 0 | H27: ='DataBase (IMO form)'!AN24 -> 0
B28: ='DataBase (IMO form)'!B25 -> 18 | C28: ='DataBase (IMO form)'!D25 -> RUFON | D28: ='DataBase (IMO form)'!E25 -> NOEL III | E28: ='DataBase (IMO form)'!C25 -> AB | F28: ='DataBase (IMO form)'!AL25 -> 0 | G28: ='DataBase (IMO form)'!AM25 -> 0 | H28: ='DataBase (IMO form)'!AN25 -> 0
B29: ='DataBase (IMO form)'!B27 -> 20 | C29: ='DataBase (IMO form)'!D27 -> ACULIT | D29: ='DataBase (IMO form)'!E27 -> MIKE LISLIE | E29: ='DataBase (IMO form)'!C27 -> OS | F29: ='DataBase (IMO form)'!AL27 -> 0 | G29: ='DataBase (IMO form)'!AM27 -> 0 | H29: ='DataBase (IMO form)'!AN27 -> 0
B30: ='DataBase (IMO form)'!B28 -> 21 | C30: ='DataBase (IMO form)'!D28 -> DOMONDON | D30: ='DataBase (IMO form)'!E28 -> DEXTER | E30: ='DataBase (IMO form)'!C28 -> OS | F30: ='DataBase (IMO form)'!AL28 -> 0 | G30: ='DataBase (IMO form)'!AM28 -> 0 | H30: ='DataBase (IMO form)'!AN28 -> 0
B31: ='DataBase (IMO form)'!B29 -> 22 | C31: ='DataBase (IMO form)'!D29 -> DACANAY | D31: ='DataBase (IMO form)'!E29 -> JAYSON | E31: ='DataBase (IMO form)'!C29 -> FITTER | F31: ='DataBase (IMO form)'!AL29 -> 0 | G31: ='DataBase (IMO form)'!AM29 -> 0 | H31: ='DataBase (IMO form)'!AN29 -> 0
B32: ='DataBase (IMO form)'!B30 -> 23 | C32: ='DataBase (IMO form)'!D30 -> APID | D32: ='DataBase (IMO form)'!E30 -> LORD BYRON | E32: ='DataBase (IMO form)'!C30 -> MTM | F32: ='DataBase (IMO form)'!AL30 -> 0 | G32: ='DataBase (IMO form)'!AM30 -> 0 | H32: ='DataBase (IMO form)'!AN30 -> 0
B33: ='DataBase (IMO form)'!B31 -> 24 | C33: ='DataBase (IMO form)'!D31 -> BRILLANTES | D33: ='DataBase (IMO form)'!E31 -> FER ANN | E33: ='DataBase (IMO form)'!C31 -> MTM | F33: ='DataBase (IMO form)'!AL31 -> 0 | G33: ='DataBase (IMO form)'!AM31 -> 0 | H33: ='DataBase (IMO form)'!AN31 -> 0
B34: ='DataBase (IMO form)'!B32 -> 25 | C34: ='DataBase (IMO form)'!D32 -> FLORES | D34: ='DataBase (IMO form)'!E32 -> NORIEL | E34: ='DataBase (IMO form)'!C32 -> WIPER | F34: ='DataBase (IMO form)'!AL32 -> 0 | G34: ='DataBase (IMO form)'!AM32 -> 0 | H34: ='DataBase (IMO form)'!AN32 -> 0
B35: ='DataBase (IMO form)'!B33 -> 26 | C35: ='DataBase (IMO form)'!D33 -> ESTRABELA | D35: ='DataBase (IMO form)'!E33 -> ARIES | E35: ='DataBase (IMO form)'!C33 -> CHIEF COOK | F35: ='DataBase (IMO form)'!AL33 -> 0 | G35: ='DataBase (IMO form)'!AM33 -> 0 | H35: ='DataBase (IMO form)'!AN33 -> 0
B36: ='DataBase (IMO form)'!B34 -> 27 | C36: ='DataBase (IMO form)'!D34 -> ALLADO | D36: ='DataBase (IMO form)'!E34 -> KEITH VINCENT | E36: ='DataBase (IMO form)'!C34 -> ASS COOK | F36: ='DataBase (IMO form)'!AL34 -> 0 | G36: ='DataBase (IMO form)'!AM34 -> 0 | H36: ='DataBase (IMO form)'!AN34 -> 0
B37: ='DataBase (IMO form)'!B35 -> 28 | C37: ='DataBase (IMO form)'!D35 -> ABES | D37: ='DataBase (IMO form)'!E35 -> JAMES DARWIN | E37: ='DataBase (IMO form)'!C35 -> MSM | F37: ='DataBase (IMO form)'!AL35 -> 0 | G37: ='DataBase (IMO form)'!AM35 -> 0 | H37: ='DataBase (IMO form)'!AN35 -> 0
B38: ='DataBase (IMO form)'!#REF! -> #REF! | C38: ='DataBase (IMO form)'!#REF! -> #REF! | D38: ='DataBase (IMO form)'!#REF! -> #REF! | E38: ='DataBase (IMO form)'!#REF! -> #REF! | F38: ='DataBase (IMO form)'!#REF! -> #REF! | H38: ='DataBase (IMO form)'!#REF! -> #REF!
B39: ='DataBase (IMO form)'!#REF! -> #REF! | C39: ='DataBase (IMO form)'!#REF! -> #REF! | D39: ='DataBase (IMO form)'!#REF! -> #REF! | E39: ='DataBase (IMO form)'!#REF! -> #REF! | F39: ='DataBase (IMO form)'!#REF! -> #REF! | H39: ='DataBase (IMO form)'!#REF! -> #REF!
B40: ='DataBase (IMO form)'!#REF! -> #REF! | C40: ='DataBase (IMO form)'!#REF! -> #REF! | D40: ='DataBase (IMO form)'!#REF! -> #REF! | E40: ='DataBase (IMO form)'!#REF! -> #REF! | F40: ='DataBase (IMO form)'!#REF! -> #REF! | H40: ='DataBase (IMO form)'!#REF! -> #REF!
B41: ='DataBase (IMO form)'!#REF! -> #REF! | C41: ='DataBase (IMO form)'!#REF! -> #REF! | D41: ='DataBase (IMO form)'!#REF! -> #REF! | E41: ='DataBase (IMO form)'!#REF! -> #REF! | F41: ='DataBase (IMO form)'!#REF! -> #REF! | H41: ='DataBase (IMO form)'!#REF! -> #REF!
H43: =M.Menu!S16 -> CAPT. WENDT ROBERT
H44: M a s t e r

Sheet ShipsMoneyDec Arr
B2: SHIP'S MONEY DECLARATION
B3: SHIP'S CASH
B5: Vessel | C5: IMO No. | D5: Arrival Port
B6: =M.Menu!E5&" "&M.Menu!E3 -> LNG/C Energy Endurance | C6: =M.Menu!L3 -> 9948695 | D6: =M.Menu!L11&", "&M.Menu!L12 -> Sabine Pass, U.S.A.
B7: Nationality | C7: Call Sign | D7: Arrival Date
B8: =M.Menu!L8 -> Marshall Islands | C8: =M.Menu!E4 -> V7A7282 | D8: =M.Menu!L13 -> 46106
B10: Name of Article | C10: USD | D10: Euro
B13: SHIP'S CASH MONEY (in Master's Safe) | C13: 5159
D31: =M.Menu!S16 -> CAPT. WENDT ROBERT
D32: Master

Sheet Bonded Store
A1: 0
B2: IMO SHIP'S STORES DECLARATION
C3: IMO FAL FORM 3
J4: Page No.
H5: Arrival Departure | J5: 1/1
C6: 1.1 Name and type of ship | E6: =M.Menu!E3 -> Energy Endurance | H6: 2. Port of arrival/departure | I6: 3. Date of arrival/departure
C7: 1.2 IMO number | E7: =M.Menu!L3 -> 9948695 | I7: =M.Menu!L13 -> 46106
C8: 1.3 Call sign | E8: =M.Menu!E4 -> V7A7282 | H8: =M.Menu!L11&", "&M.Menu!L12 -> Sabine Pass, U.S.A.
C9: 1.4 Voyage number 002B | E9: =M.Menu!S13 -> VOY16
C10: 4. Flag State of ship | H10: 5. Last port of call/Next port of call
C11: =M.Menu!L8 -> Marshall Islands | H11: =M.Menu!E11&", "&M.Menu!E12 -> BARCARENA, BRAZIL
C12: 6. Number of person on | E12: 7. Period of stay
C13: board | D13: =M.Menu!S7 -> 28 | E13: =_xlfn.DAYS(M.Menu!L14,M.Menu!L13)+1&" days" -> -46105 days
C14: 8. Name of article | F14: 9. Quantity | H14: 10. Location on board | I14: 11. Official Use
C16: Cigarettes Marlboro | F16: 54 | G16: cartons | H16: BONDED STORE
C17: Cigarettes Winston Blue | F17: 12 | G17: cartons | H17: BONDED STORE
C18: Cigarettes Camel Blue | F18: 16 | G18: cartons | H18: BONDED STORE
C19: TOTAL CIGARETTES | F19: =SUM(F16:F18) -> 82 | G19: cartons
C21: Shaving Foam | F21: 8 | G21: pcs | H21: BONDED STORE
C22: Tooth Paste | F22: 18 | G22: pcs | H22: BONDED STORE
C23: Tooth Brush | F23: 20 | G23: pcs | H23: BONDED STORE
C24: Razor | F24: 35 | G24: pcs | H24: BONDED STORE
C25: Shower Gel | F25: 22 | G25: pcs | H25: BONDED STORE
C37: 12. Signature by master, authorized agent or officer
H41: =M.Menu!S15 -> CAPT. WENDT ROBERT
H42: M a s t e r

Sheet Ships Stores Declaration
A1: 0
B2: IMO SHIP'S STORES DECLARATION
J4: Page No.
H5: Arrival Departure | J5: 1/1
B6: Convention on Facilitation of International Maritime Traffic | C6: 1.1 Name of ship | E6: =M.Menu!E3 -> Energy Endurance | H6: 2. Port of arrival/departure | I6: 3. Date of arrival/departure
C7: 1.2 IMO number | E7: =M.Menu!L3 -> 9948695 | H7: =M.Menu!L11&", "&M.Menu!L12 -> Sabine Pass, U.S.A. | I7: =M.Menu!L13 -> 46106
C8: 1.3 Call sign | E8: =M.Menu!E4 -> V7A7282 | H8: 4. Flag State of ship
C9: 1.4 Voyage Number | E9: =M.Menu!S13 -> VOY16 | H9: =M.Menu!L8 -> Marshall Islands
C10: 5. Last port of call/Next port of call | H10: 6. Number of person on board | I10: 7. Period of stay
C11: =M.Menu!E11&", "&M.Menu!E12 -> BARCARENA, BRAZIL | H11: =M.Menu!S7 -> 28
C12: 8. Name of article | F12: 9. Quantity | H12: 10. Location on board | I12: 11. Official use
C13: FRESH VICTUALS
C14: Beef | F14: 240 | G14: kg | H14: PROVISIONS DRY STORE ROOM
C15: Poultry | F15: 280 | G15: kgs | H15: PROVISIONS DRY STORE ROOM
C16: Pork | F16: 340 | G16: kg | H16: PROVISIONS DRY STORE ROOM
C17: Fish | F17: 140 | G17: kgs | H17: PROVISIONS DRY STORE ROOM
C18: Sausages | F18: 120 | G18: kg | H18: PROVISIONS DRY STORE ROOM
C19: Eggs | F19: 1440 | G19: pcs | H19: PROVISIONS DRY STORE ROOM
C20: Rice | F20: 825 | G20: kg | H20: PROVISIONS DRY STORE ROOM
C21: Sugar | F21: 79 | G21: kg | H21: PROVISIONS DRY STORE ROOM
C22: Flour | F22: 225 | G22: kg | H22: PROVISIONS DRY STORE ROOM
C23: Salt | F23: 76 | G23: kg | H23: PROVISIONS DRY STORE ROOM
C24: Milk | F24: 334 | G24: ltr | H24: PROVISIONS DRY STORE ROOM
C25: Cooking Oil | F25: 200 | G25: ltr | H25: PROVISIONS DRY STORE ROOM
... C45: Coffee | F45: 33 | G45: kg | H45: PROVISIONS DRY STORE ROOM
C46: BUNKERS
C47: Fuel Oil (VLSFO) | G47: mt | H47: L.S.F.O STORAGE & SERVICE TANKS
C48: Diesel Oil (LSMGO) | G48: mt | H48: L.S.M.G.O STORAGE & SERVICE TANKS
C49: Lube Oil | G49: ltrs | H49: L.O STORAGE TANKS
C50: Fresh Water | G50: mt | H50: F.W TANKS
C52: DECK STORE
C53: Paint | G53: ltr | H53: PAINT STORE
C54: Thinner | G54: ltr | H54: PAINT STORE
B59: IMO FAL Form 3 | C59: And all other articles of equipment and instruments for the proper working and safe navigation of the vessel.
C60: 12. Date and signature by master, authorized agent or officer
H62: =M.Menu!S16 -> CAPT. WENDT ROBERT
H63: M a s t e r

Sheet Vaccine Yellow Fever
B2: VACCINATION LIST
L4: Page No.
F5: Arrival Departure | L5: 1/1
B6: 1.1 Name of ship | D6: =M.Menu!E3 -> Energy Endurance | F6: 2. Port of arrival/departure | I6: 3. Date of arrival/departure
B7: 1.2 IMO number | D7: 9859739 | F7: =M.Menu!L11&", "&M.Menu!L12 -> Sabine Pass, U.S.A. | I7: =M.Menu!L13 -> 46106
B8: 1.3 Call sign | D8: =M.Menu!E4 -> V7A7282 | F8: =M.Menu!E8&", "&M.Menu!E9 -> NFE Transport Partners LLC,
B9: 1.4 Voyage number | D9: =M.Menu!S13 -> VOY16
B10: 4. Flag State of ship | F10: 5. Last port of call
B11: =M.Menu!L8 -> Marshall Islands | F11: =M.Menu!E11&", "&M.Menu!E12 -> BARCARENA, BRAZIL
B12: 6. No. | C12: 7. Family name | D12: 8. Given names | E12: 9. Rank or rating | F12: 10. Nationality | G12: 11. Date of birth | H12: 12. Place of birth | J12: 13. Gender | K12: 14. Nature of identity document | L12: 15. Issuing State of identity document | M12: 16. Expiry date of identity document
B14: ='DataBase (IMO form)'!B8 -> 1 | C14: ='DataBase (IMO form)'!D8 -> WENDT | D14: ='DataBase (IMO form)'!E8 -> ROBERT KRZYSZTOF | E14: ='DataBase (IMO form)'!C8 -> MASTER | F14: ='DataBase (IMO form)'!L8 -> POLISH | G14: ='DataBase (IMO form)'!I8 -> 31616 | H14: ='DataBase (IMO form)'!K8 -> GDANSK | I14: #REF! | J14: ='DataBase (IMO form)'!H8 -> M | K14: YELLOW FEVER | L14: ='DataBase (IMO form)'!M8 -> POLAND | M14: UNLIMITED
B15: ='DataBase (IMO form)'!B9 -> 2 | C15: ='DataBase (IMO form)'!D9 -> THANASIS | D15: ='DataBase (IMO form)'!E9 -> EVANGELOS | E15: ='DataBase (IMO form)'!C9 -> CHIEF OFF | F15: ='DataBase (IMO form)'!L9 -> HELLENIC | G15: ='DataBase (IMO form)'!I9 -> 34373 | H15: ='DataBase (IMO form)'!K9 -> KERKYRA | I15: #REF! | J15: ='DataBase (IMO form)'!H9 -> M | K15: YELLOW FEVER | L15: ='DataBase (IMO form)'!M9 -> GREECE | M15: UNLIMITED
B16: ='DataBase (IMO form)'!B10 -> 3 | C16: ='DataBase (IMO form)'!D10 -> TEJU | D16: ='DataBase (IMO form)'!E10 -> TOMA | E16: ='DataBase (IMO form)'!C10 -> TR CHIEF OFF | F16: ='DataBase (IMO form)'!L10 -> ROMANIAN | G16: ='DataBase (IMO form)'!I10 -> 32970 | H16: ='DataBase (IMO form)'!K10 -> COSTANTA | I16: #REF! | J16: ='DataBase (IMO form)'!H10 -> M | K16: YELLOW FEVER | L16: ='DataBase (IMO form)'!M10 -> ROMANIA | M16: UNLIMITED
B17: ='DataBase (IMO form)'!B11 -> 4 | C17: ='DataBase (IMO form)'!D11 -> BUTS | D17: ='DataBase (IMO form)'!E11 -> KOSTIANTYN | E17: ='DataBase (IMO form)'!C11 -> 2ND OFF | F17: ='DataBase (IMO form)'!L11 -> UKRAINIAN | G17: ='DataBase (IMO form)'!I11 -> 31971 | H17: ='DataBase (IMO form)'!K11 -> UKRAINE | I17: #REF! | J17: ='DataBase (IMO form)'!H11 -> M | K17: YELLOW FEVER | L17: ='DataBase (IMO form)'!M11 -> UKRAINE | M17: UNLIMITED
B18: ='DataBase (IMO form)'!B12 -> 5 | C18: ='DataBase (IMO form)'!D12 -> STAMATIOU | D18: ='DataBase (IMO form)'!E12 -> VASILEIOS | E18: ='DataBase (IMO form)'!C12 -> 3RD OFF | F18: ='DataBase (IMO form)'!L12 -> HELLENIC | G18: ='DataBase (IMO form)'!I12 -> 37225 | H18: ='DataBase (IMO form)'!K12 -> MAROUSI | I18: #REF! | J18: ='DataBase (IMO form)'!H12 -> M | K18: YELLOW FEVER | L18: ='DataBase (IMO form)'!M12 -> GREECE | M18: UNLIMITED
B19: ='DataBase (IMO form)'!B13 -> 6 | C19: ='DataBase (IMO form)'!D13 -> KOUIMOV | D19: ='DataBase (IMO form)'!E13 -> ENTOUARNT OR EDUARD | E19: ='DataBase (IMO form)'!C13 -> 3RD OFF | F19: ='DataBase (IMO form)'!L13 -> HELLENIC | G19: ='DataBase (IMO form)'!I13 -> 36547 | H19: ='DataBase (IMO form)'!K13 -> NAKHODKA | I19: #REF! | J19: ='DataBase (IMO form)'!H13 -> M | K19: YELLOW FEVER | L19: ='DataBase (IMO form)'!M13 -> RUSSIA | M19: UNLIMITED
B20: ='DataBase (IMO form)'!B14 -> 7 | C20: ='DataBase (IMO form)'!D14 -> CHATZIDIMITRIOU | D20: ='DataBase (IMO form)'!E14 -> MARIA | E20: ='DataBase (IMO form)'!C14 -> DECK CADET | F20: ='DataBase (IMO form)'!L14 -> HELLENIC | G20: ='DataBase (IMO form)'!I14 -> 37644 | H20: ='DataBase (IMO form)'!K14 -> THESSALONIKI | I20: #REF! | J20: ='DataBase (IMO form)'!H14 -> F | K20: YELLOW FEVER | L20: ='DataBase (IMO form)'!M14 -> GREECE | M20: UNLIMITED
B21: ='DataBase (IMO form)'!B15 -> 8 | C21: ='DataBase (IMO form)'!D15 -> PETROPOULOS | D21: ='DataBase (IMO form)'!E15 -> CHRISTOS | E21: ='DataBase (IMO form)'!C15 -> CHIEF ENG | F21: ='DataBase (IMO form)'!L15 -> HELLENIC | G21: ='DataBase (IMO form)'!I15 -> 24483 | H21: ='DataBase (IMO form)'!K15 -> KOZANI | I21: #REF! | J21: ='DataBase (IMO form)'!H15 -> M | K21: YELLOW FEVER | L21: ='DataBase (IMO form)'!M15 -> GREECE | M21: UNLIMITED
B22: ='DataBase (IMO form)'!B16 -> 9 | C22: ='DataBase (IMO form)'!D16 -> SYTNYK | D22: ='DataBase (IMO form)'!E16 -> YEVGENIY | E22: ='DataBase (IMO form)'!C16 -> 2ND ENG | F22: ='DataBase (IMO form)'!L16 -> UKRAINIAN | G22: ='DataBase (IMO form)'!I16 -> 32852 | H22: ='DataBase (IMO form)'!K16 -> ODESSA | I22: #REF! | J22: ='DataBase (IMO form)'!H16 -> M | K22: YELLOW FEVER | L22: ='DataBase (IMO form)'!M16 -> UKRAINE | M22: UNLIMITED
B23: ='DataBase (IMO form)'!B17 -> 10 | C23: ='DataBase (IMO form)'!D17 -> KACHUR | D23: ='DataBase (IMO form)'!E17 -> MYKOLA | E23: ='DataBase (IMO form)'!C17 -> 3RD ENG | F23: ='DataBase (IMO form)'!L17 -> UKRAINIAN | G23: ='DataBase (IMO form)'!I17 -> 35418 | H23: ='DataBase (IMO form)'!K17 -> UKRAINE | I23: #REF! | J23: ='DataBase (IMO form)'!H17 -> M | K23: YELLOW FEVER | L23: ='DataBase (IMO form)'!M17 -> UKRAINE | M23: UNLIMITED
B24: ='DataBase (IMO form)'!B18 -> 11 | C24: ='DataBase (IMO form)'!D18 -> COLEASA | D24: ='DataBase (IMO form)'!E18 -> STEFAN CIPRIAN | E24: ='DataBase (IMO form)'!C18 -> 3RD ENG | F24: ='DataBase (IMO form)'!L18 -> ROMANIAN | G24: ='DataBase (IMO form)'!I18 -> 33966 | H24: ='DataBase (IMO form)'!K18 -> CONSTANTA | I24: #REF! | J24: ='DataBase (IMO form)'!H18 -> M | K24: YELLOW FEVER | L24: ='DataBase (IMO form)'!M18 -> ROMANIA | M24: UNLIMITED
B25: ='DataBase (IMO form)'!B19 -> 12 | C25: ='DataBase (IMO form)'!D19 -> LOFTSALIS | D25: ='DataBase (IMO form)'!E19 -> APOSTOLOS | E25: ='DataBase (IMO form)'!C19 -> 4TH ENG | F25: ='DataBase (IMO form)'!L19 -> HELLENIC | G25: ='DataBase (IMO form)'!I19 -> 37555 | H25: ='DataBase (IMO form)'!K19 -> KOZANI | I25: #REF! | J25: ='DataBase (IMO form)'!H19 -> M | K25: YELLOW FEVER | L25: ='DataBase (IMO form)'!M19 -> GREECE | M25: UNLIMITED
... B42: ='DataBase (IMO form)'!B36 -> 0 | C42: ='DataBase (IMO form)'!D36 -> 0 | D42: ='DataBase (IMO form)'!E36 -> 0 | E42: ='DataBase (IMO form)'!C36 -> 0 | F42: ='DataBase (IMO form)'!L36 -> 0 | G42: ='DataBase (IMO form)'!I36 -> 0 | H42: ='DataBase (IMO form)'!K36 -> 0 | I42: #REF! | J42: ='DataBase (IMO form)'!H36 -> 0 | K42: YELLOW FEVER | L42: ='DataBase (IMO form)'!M36 -> 0 | M42: UNLIMITED
B43: 18. Date and signature by master, authorized agent or officer
C45: =I7 -> 46106
G46: =M.Menu!S16 -> CAPT. WENDT ROBERT
G47: M a s t e r

Sheet ShipsProps
B2: SHIP'S PROPERTY LIST | G2: SHIP'S PROPERTY LIST
B4: Vessel | D4: Date of Arrival | E4: Port of Arrival | G4: Vessel | I4: Date of Arrival | J4: Port of Arrival
B5: =M.Menu!E3 -> Energy Endurance | D5: =M.Menu!L13 -> 46106 | E5: =M.Menu!L11&", "&M.Menu!L12 -> Sabine Pass, U.S.A. | G5: =B5 -> Energy Endurance | I5: =D5 -> 46106 | J5: =E5 -> Sabine Pass, U.S.A.
B6: Nationality | D6: Call Sign | E6: Last Port Call | G6: Nationality | I6: Call Sign | J6: Last Port Call
B7: =M.Menu!L8 -> Marshall Islands | D7: =M.Menu!E4 -> V7A7282 | E7: =M.Menu!E11&", "&M.Menu!E12 -> BARCARENA, BRAZIL | G7: =B7 -> Marshall Islands | I7: =D7 -> V7A7282 | J7: =E7 -> BARCARENA, BRAZIL
B9: No. | C9: Name of Article | E9: Quantity | G9: No. | H9: Name of Article | J9: Quantity
B11: 1 | C11: Mobile Phone w/ Charger | E11: 1 | F11: set | G11: 37 | H11: Portable Slicer | J11: 1 | K11: set
B12: 2 | C12: ASUS/DELL/HP/COMPAQ Computer System w/ UPS | E12: 11 | F12: set | G12: 38 | H12: Refrigerators (Assorted Sizes) | J12: 14 | K12: set
B13: 3 | C13: Printer HP DeskJet 6940 | E13: 2 | F13: set | G13: 39 | H13: Bread Maker Machine | J13: 2 | K13: set
B14: 4 | C14: Printer HP LaserJet 1320 | E14: 1 | F14: set | G14: 40 | H14: Laundry Washing Machines/Drying Machines | J14: 7 | K14: pcs
B15: 5 | C15: Printer EPSON LQ-300+ | E15: 1 | F15: set | G15: 41 | H15: Magic Sing Microphone & Regular Microphone | J15: 1 | K15: set
B16: 6 | C16: Printer SKANTI PRN 9000 | E16: 2 | F16: set | G16: 42 | H16: DVD Players | J16: 5 | K16: set
B17: 7 | C17: Printer HP Officejet Pro 8500A Plus | E17: 1 | F17: set | G17: 43 | H17: Mini-Component Stereo System | J17: 2 | K17: set
B18: 8 | C18: Printer HP Officejet Pro 8100 | E18: 1 | F18: set | G18: 44 | H18: Multi-Media Speakers | J18: 7 | K18: set
B19: 9 | C19: Printer Canon Ir1024f | E19: 1 | F19: set | G19: 45 | H19: Chess board set | J19: 1 | K19: set
B20: 10 | C20: Printer EZ Label Printer KL-780 | E20: 2 | F20: set | G20: 46 | H20: Dart Boards with extra Darts | J20: 2 | K20: set
B21: 11 | C21: Printer Samsung SF565P | E21: 1 | F21: set | G21: 47 | H21: Sony Playstation w/ Asstd Game CD's | J21: 2 | K21: set
B22: 12 | C22: Printer Brother DCP 7030 | E22: 1 | F22: set | G22: 48 | H22: Stationary Bicycle | J22: 1 | K22: unit
... B37: 27 | C37: Electric Airpots/Kettles | E37: 3 | F37: set | G37: 63 | H37: Guitars set | J37: 4 | K37: set
B38: 28 | C38: Dishwashing Machine | E38: 1 | F38: set
B39: 29 | C39: Microwave Oven | E39: 2 | F39: set
B40: 30 | C40: Electric Deep Fryer | E40: 1 | F40: set
B41: 31 | C41: Electric Drinking Fountain | E41: 1 | F41: set
B42: 32 | C42: Electric Dry Press/Steam Iron | E42: 1 | F42: pcs
B43: 33 | C43: Sliced Bread Toasters | E43: 2 | F43: pcs
B44: 34 | C44: Electric Rice Cookers | E44: 2 | F44: set
B45: 35 | C45: Electric Vaccum Cleaner | E45: 2 | F45: unit
B46: 36 | C46: Portable Meat Grinder | E46: 1 | F46: pcs
B48: And all other articles of equipment and instruments for the proper working and safe navigation of the vessel. | G48: And all other articles of equipment and instruments for the proper working and safe navigation of the vessel.
D50: Page 1/2 | I50: Page 2/2
E51: =M.Menu!S16 -> CAPT. WENDT ROBERT | J51: =E51 -> CAPT. WENDT ROBERT
E52: M a s t e r | J52: M a s t e r

Sheet Arm&Ammu
B2: ARMS AND AMMUNITION LIST
B4: Vessel | D4: Date of Arrival | E4: Port of Arrival
B5: =" "&M.Menu!E3 -> Energy Endurance | D5: =M.Menu!L13 -> 46106 | E5: =M.Menu!L11&", "&M.Menu!L12 -> Sabine Pass, U.S.A.
B6: Nationality | D6: Call Sign | E6: Last Port Call
B7: =" "&M.Menu!L8 -> Marshall Islands | D7: =M.Menu!E4 -> V7A7282 | E7: =M.Menu!E11&", "&M.Menu!E12 -> BARCARENA, BRAZIL
B9: No. | C9: Name of Article | E9: Quantity
E40: =M.Menu!S16 -> CAPT. WENDT ROBERT
E41: M a s t e r

Sheet Dangerous Good Manifest IMO 
C2: DANGEROUS GOODS MANIFEST
C3: (IMO FAL Form 7)
C4: (As required by SOLAS 74, chapter VII, regulation 4.5 and 7.2.2, MARPOL 73/78, Annex III, regulation 4(3) and chapter 5.4, paragraph 5.4.3.1 of the IMDG Code) | Q4: PAGE NUMBER 1/1
C6: 1.1 Name of ship | F6: =M.Menu!E3 -> Energy Endurance | I6: 1.2 IMO NUMBER | J6: =M.Menu!L3 -> 9948695 | L6: 1.3 Call sign | O6: =M.Menu!E4 -> V7A7282
C7: 1.4 Voyage number | F7: =M.Menu!S13 -> VOY16 | I7: 2. Flag State of ship | J7: =M.Menu!L8 -> Marshall Islands | L7: 3. Port of Loading | O7: KRIBI, CAMEROON
C10: 5. STOWAGE POSITION | D10: 6. Reference Number | H10: 7. Marks & Numbers - Freight container Identification No(s) Vehicle registration No(s) | I10: 8. UN Number | J10: 9. Proper Shipping Name/(Technical Specifications) | K10: 10. Class/ (Subsidiary Risk(s)) | L10: 11. Packing Group | M10: 12. Additional Information/Marine Pollutant/Flash point/etc. | O10: 13. Number and kind of packages | P10: 14. Mass (kg) or Volume (L) | Q10: 15. EMS
C11: CT 1,2,3,4 | D11: LNG - Liquified Natural Gas | I11: 1972 | J11: LNG | K11: 2.1 | L11: N/A | M11: -188 | O11: IN BULK | P11: approx. 159500m3
C26: 16. SHIPPING AGENT | K26: MASTER'S SIGNATURE | N26: =M.Menu!S16 -> CAPT. WENDT ROBERT
C27: 16.1 PLACE AND DATE
C28: Signature of Agent

Sheet Covid Vaccine
A1: ENERGY INTEGRITY
A3: Vaccination for COVID-19
A4: No. | B4: Family name | C4: Given names | D4: Rank | E4: Nationality | F4: Date of birth | G4: Place of birth | H4: COVID-19 VACCINE | I4: Vaccination Dose
A5: ='DataBase (IMO form)'!B8 -> 1 | B5: ='DataBase (IMO form)'!D8 -> WENDT | C5: ='DataBase (IMO form)'!E8 -> ROBERT KRZYSZTOF | D5: ='DataBase (IMO form)'!C8 -> MASTER | E5: ='DataBase (IMO form)'!L8 -> POLISH | F5: ='DataBase (IMO form)'!I8 -> 31616 | G5: ='DataBase (IMO form)'!K8 -> GDANSK | H5: Pfizer-BioNTech | I5: 2
A6: ='DataBase (IMO form)'!B9 -> 2 | B6: ='DataBase (IMO form)'!D9 -> THANASIS | C6: ='DataBase (IMO form)'!E9 -> EVANGELOS | D6: ='DataBase (IMO form)'!C9 -> CHIEF OFF | E6: ='DataBase (IMO form)'!L9 -> HELLENIC | F6: ='DataBase (IMO form)'!I9 -> 34373 | G6: ='DataBase (IMO form)'!K9 -> KERKYRA | H6: Pfizer-BioNTech | I6: 3
A7: ='DataBase (IMO form)'!B11 -> 4 | B7: ='DataBase (IMO form)'!D11 -> BUTS | C7: ='DataBase (IMO form)'!E11 -> KOSTIANTYN | D7: ='DataBase (IMO form)'!C11 -> 2ND OFF | E7: ='DataBase (IMO form)'!L11 -> UKRAINIAN | F7: ='DataBase (IMO form)'!I11 -> 31971 | G7: ='DataBase (IMO form)'!K11 -> UKRAINE | H7: Pfizer-BioNTech | I7: 4
A8: ='DataBase (IMO form)'!B12 -> 5 | B8: ='DataBase (IMO form)'!D12 -> STAMATIOU | C8: ='DataBase (IMO form)'!E12 -> VASILEIOS | D8: ='DataBase (IMO form)'!C12 -> 3RD OFF | E8: ='DataBase (IMO form)'!L12 -> HELLENIC | F8: ='DataBase (IMO form)'!I12 -> 37225 | G8: ='DataBase (IMO form)'!K12 -> MAROUSI | H8: Pfizer-BioNTech | I8: 3
A9: ='DataBase (IMO form)'!B13 -> 6 | B9: ='DataBase (IMO form)'!D13 -> KOUIMOV | C9: ='DataBase (IMO form)'!E13 -> ENTOUARNT OR EDUARD | D9: ='DataBase (IMO form)'!C13 -> 3RD OFF | E9: ='DataBase (IMO form)'!L13 -> HELLENIC | F9: ='DataBase (IMO form)'!I13 -> 36547 | G9: ='DataBase (IMO form)'!K13 -> NAKHODKA | H9: Pfizer-BioNTech | I9: 3
A10: ='DataBase (IMO form)'!B14 -> 7 | B10: ='DataBase (IMO form)'!D14 -> CHATZIDIMITRIOU | C10: ='DataBase (IMO form)'!E14 -> MARIA | D10: ='DataBase (IMO form)'!C14 -> DECK CADET | E10: ='DataBase (IMO form)'!L14 -> HELLENIC | F10: ='DataBase (IMO form)'!I14 -> 37644 | G10: ='DataBase (IMO form)'!K14 -> THESSALONIKI | H10: Pfizer-BioNTech | I10: 2
A11: ='DataBase (IMO form)'!B15 -> 8 | B11: ='DataBase (IMO form)'!D15 -> PETROPOULOS | C11: ='DataBase (IMO form)'!E15 -> CHRISTOS | D11: ='DataBase (IMO form)'!C15 -> CHIEF ENG | E11: ='DataBase (IMO form)'!L15 -> HELLENIC | F11: ='DataBase (IMO form)'!I15 -> 24483 | G11: ='DataBase (IMO form)'!K15 -> KOZANI | H11: Pfizer-BioNTech | I11: 3
A12: ='DataBase (IMO form)'!B16 -> 9 | B12: ='DataBase (IMO form)'!D16 -> SYTNYK | C12: ='DataBase (IMO form)'!E16 -> YEVGENIY | D12: ='DataBase (IMO form)'!C16 -> 2ND ENG | E12: ='DataBase (IMO form)'!L16 -> UKRAINIAN | F12: ='DataBase (IMO form)'!I16 -> 32852 | G12: ='DataBase (IMO form)'!K16 -> ODESSA | H12: Pfizer-BioNTech | I12: 3
A13: ='DataBase (IMO form)'!B17 -> 10 | B13: ='DataBase (IMO form)'!D17 -> KACHUR | C13: ='DataBase (IMO form)'!E17 -> MYKOLA | D13: ='DataBase (IMO form)'!C17 -> 3RD ENG | E13: ='DataBase (IMO form)'!L17 -> UKRAINIAN | F13: ='DataBase (IMO form)'!I17 -> 35418 | G13: ='DataBase (IMO form)'!K17 -> UKRAINE | H13: Pfizer-BioNTech | I13: 2
A14: ='DataBase (IMO form)'!B18 -> 11 | B14: ='DataBase (IMO form)'!#REF! -> #REF! | C14: ='DataBase (IMO form)'!#REF! -> #REF! | D14: ='DataBase (IMO form)'!C18 -> 3RD ENG | E14: ='DataBase (IMO form)'!#REF! -> #REF! | F14: ='DataBase (IMO form)'!#REF! -> #REF! | G14: ='DataBase (IMO form)'!#REF! -> #REF! | H14: Pfizer-BioNTech | I14: 3
A15: ='DataBase (IMO form)'!#REF! -> #REF! | B15: ='DataBase (IMO form)'!#REF! -> #REF! | C15: ='DataBase (IMO form)'!#REF! -> #REF! | D15: ='DataBase (IMO form)'!#REF! -> #REF! | E15: ='DataBase (IMO form)'!#REF! -> #REF! | F15: ='DataBase (IMO form)'!#REF! -> #REF! | G15: ='DataBase (IMO form)'!#REF! -> #REF! | H15: Pfizer-BioNTech | I15: 2
A16: ='DataBase (IMO form)'!B20 -> 13 | B16: ='DataBase (IMO form)'!D20 -> YEMELIANOV | C16: ='DataBase (IMO form)'!E20 -> RICHARD | D16: ='DataBase (IMO form)'!C20 -> GAS ENG | E16: ='DataBase (IMO form)'!L20 -> UKRAINIAN | F16: ='DataBase (IMO form)'!I20 -> 32955 | G16: ='DataBase (IMO form)'!K20 -> UKRAINE | H16: Pfizer-BioNTech | I16: 3
A17: ='DataBase (IMO form)'!B21 -> 14 | B17: ='DataBase (IMO form)'!D21 -> GIDEI | C17: ='DataBase (IMO form)'!E21 -> NICOLAE | D17: ='DataBase (IMO form)'!C21 -> SETO | E17: ='DataBase (IMO form)'!L21 -> ROMANIAN | F17: ='DataBase (IMO form)'!I21 -> 27720 | G17: ='DataBase (IMO form)'!K21 -> GALATI | H17: Pfizer-BioNTech | I17: 3
A18: ='DataBase (IMO form)'!#REF! -> #REF! | B18: ='DataBase (IMO form)'!D18 -> COLEASA | C18: ='DataBase (IMO form)'!E18 -> STEFAN CIPRIAN | D18: ='DataBase (IMO form)'!#REF! -> #REF! | E18: ='DataBase (IMO form)'!L18 -> ROMANIAN | F18: ='DataBase (IMO form)'!I18 -> 33966 | G18: ='DataBase (IMO form)'!K18 -> CONSTANTA | H18: Pfizer-BioNTech | I18: 2
A19: ='DataBase (IMO form)'!B22 -> 15 | B19: ='DataBase (IMO form)'!D22 -> LADINES | C19: ='DataBase (IMO form)'!E22 -> RODOLFO JR. | D19: ='DataBase (IMO form)'!C22 -> BOSUN | E19: ='DataBase (IMO form)'!L22 -> FILIPINO | F19: ='DataBase (IMO form)'!I22 -> 29241 | G19: ='DataBase (IMO form)'!K22 -> SAMPALOC QUEZON | H19: Pfizer-BioNTech | I19: 3
A20: ='DataBase (IMO form)'!B23 -> 16 | B20: ='DataBase (IMO form)'!D23 -> LUPAZ | C20: ='DataBase (IMO form)'!E23 -> ALBERTO JR. | D20: ='DataBase (IMO form)'!C23 -> AB | E20: ='DataBase (IMO form)'!L23 -> FILIPINO | F20: ='DataBase (IMO form)'!I23 -> 34168 | G20: ='DataBase (IMO form)'!K23 -> NASIPIT AND | H20: Pfizer-BioNTech | I20: 3
A21: ='DataBase (IMO form)'!B24 -> 17 | B21: ='DataBase (IMO form)'!D24 -> PALERACIO | C21: ='DataBase (IMO form)'!E24 -> JOHN CALLED | D21: ='DataBase (IMO form)'!C24 -> AB | E21: ='DataBase (IMO form)'!L24 -> FILIPINO | F21: ='DataBase (IMO form)'!I24 -> 33759 | G21: ='DataBase (IMO form)'!K24 -> SAMPALOC QUEZON | H21: Pfizer-BioNTech | I21: 2
A22: ='DataBase (IMO form)'!B25 -> 18 | B22: ='DataBase (IMO form)'!D25 -> RUFON | C22: ='DataBase (IMO form)'!E25 -> NOEL III | D22: ='DataBase (IMO form)'!C25 -> AB | E22: ='DataBase (IMO form)'!L25 -> FILIPINO | F22: ='DataBase (IMO form)'!I25 -> 35899 | G22: ='DataBase (IMO form)'!K25 -> QUEZON CITY | H22: Pfizer-BioNTech | I22: 3
A23: ='DataBase (IMO form)'!B27 -> 20 | B23: ='DataBase (IMO form)'!D27 -> ACULIT | C23: ='DataBase (IMO form)'!E27 -> MIKE LISLIE | D23: ='DataBase (IMO form)'!C27 -> OS | E23: ='DataBase (IMO form)'!L27 -> FILIPINO | F23: ='DataBase (IMO form)'!I27 -> 35054 | G23: ='DataBase (IMO form)'!K27 -> BAGO CITY | H23: Pfizer-BioNTech | I23: 3
A24: ='DataBase (IMO form)'!B28 -> 21 | B24: ='DataBase (IMO form)'!D28 -> DOMONDON | C24: ='DataBase (IMO form)'!E28 -> DEXTER | D24: ='DataBase (IMO form)'!C28 -> OS | E24: ='DataBase (IMO form)'!L28 -> FILIPINO | F24: ='DataBase (IMO form)'!I28 -> 36084 | G24: ='DataBase (IMO form)'!K28 -> MARIKINA CITY | H24: Pfizer-BioNTech | I24: 2
A25: ='DataBase (IMO form)'!B29 -> 22 | B25: ='DataBase (IMO form)'!D29 -> DACANAY | C25: ='DataBase (IMO form)'!E29 -> JAYSON | D25: ='DataBase (IMO form)'!C29 -> FITTER | E25: ='DataBase (IMO form)'!L29 -> FILIPINO | F25: ='DataBase (IMO form)'!I29 -> 33621 | G25: ='DataBase (IMO form)'!K29 -> SISON PANGASINAN | H25: Pfizer-BioNTech | I25: 3
A26: ='DataBase (IMO form)'!B30 -> 23 | B26: ='DataBase (IMO form)'!D30 -> APID | C26: ='DataBase (IMO form)'!E30 -> LORD BYRON | D26: ='DataBase (IMO form)'!C30 -> MTM | E26: ='DataBase (IMO form)'!L30 -> FILIPINO | F26: ='DataBase (IMO form)'!I30 -> 32630 | G26: ='DataBase (IMO form)'!K30 -> DIONISIO ILOILO | H26: Pfizer-BioNTech | I26: 2
A27: ='DataBase (IMO form)'!B31 -> 24 | B27: ='DataBase (IMO form)'!D31 -> BRILLANTES | C27: ='DataBase (IMO form)'!E31 -> FER ANN | D27: ='DataBase (IMO form)'!C31 -> MTM | E27: ='DataBase (IMO form)'!L31 -> FILIPINO | F27: ='DataBase (IMO form)'!I31 -> 33831 | G27: ='DataBase (IMO form)'!K31 -> ILOILO CITY | H27: Pfizer-BioNTech | I27: 3
A28: ='DataBase (IMO form)'!B32 -> 25 | B28: ='DataBase (IMO form)'!D32 -> FLORES | C28: ='DataBase (IMO form)'!E32 -> NORIEL | D28: ='DataBase (IMO form)'!C32 -> WIPER | E28: ='DataBase (IMO form)'!L32 -> FILIPINO | F28: ='DataBase (IMO form)'!I32 -> 36550 | G28: ='DataBase (IMO form)'!K32 -> P GALERA OR MDO | H28: Pfizer-BioNTech | I28: 3
A29: ='DataBase (IMO form)'!B33 -> 26 | B29: ='DataBase (IMO form)'!D33 -> ESTRABELA | C29: ='DataBase (IMO form)'!E33 -> ARIES | D29: ='DataBase (IMO form)'!C33 -> CHIEF COOK | E29: ='DataBase (IMO form)'!L33 -> FILIPINO | F29: ='DataBase (IMO form)'!I33 -> 34876 | G29: ='DataBase (IMO form)'!K33 -> BARCELONA SSG | H29: Pfizer-BioNTech | I29: 2
A30: ='DataBase (IMO form)'!B34 -> 27 | B30: ='DataBase (IMO form)'!D34 -> ALLADO | C30: ='DataBase (IMO form)'!E34 -> KEITH VINCENT | D30: ='DataBase (IMO form)'!C34 -> ASS COOK | E30: ='DataBase (IMO form)'!L34 -> FILIPINO | F30: ='DataBase (IMO form)'!I34 -> 34074 | G30: ='DataBase (IMO form)'!K34 -> SAMPALOC QUEZON | H30: Pfizer-BioNTech | I30: 3
A31: ='DataBase (IMO form)'!B35 -> 28 | B31: ='DataBase (IMO form)'!D35 -> ABES | C31: ='DataBase (IMO form)'!E35 -> JAMES DARWIN | D31: ='DataBase (IMO form)'!C35 -> MSM | E31: ='DataBase (IMO form)'!L35 -> FILIPINO | F31: ='DataBase (IMO form)'!I35 -> 36409 | G31: ='DataBase (IMO form)'!K35 -> GITAGUM MIS OR | H31: Pfizer-BioNTech | I31: 3
A32: ='DataBase (IMO form)'!#REF! -> #REF! | B32: ='DataBase (IMO form)'!#REF! -> #REF! | C32: ='DataBase (IMO form)'!#REF! -> #REF! | D32: ='DataBase (IMO form)'!#REF! -> #REF! | E32: ='DataBase (IMO form)'!#REF! -> #REF! | F32: ='DataBase (IMO form)'!#REF! -> #REF! | G32: ='DataBase (IMO form)'!#REF! -> #REF! | H32: Pfizer-BioNTech | I32: 2
A33: ='DataBase (IMO form)'!#REF! -> #REF! | B33: ='DataBase (IMO form)'!#REF! -> #REF! | C33: ='DataBase (IMO form)'!#REF! -> #REF! | D33: ='DataBase (IMO form)'!#REF! -> #REF! | E33: ='DataBase (IMO form)'!#REF! -> #REF! | F33: ='DataBase (IMO form)'!#REF! -> #REF! | G33: ='DataBase (IMO form)'!#REF! -> #REF! | H33: Pfizer-BioNTech | I33: 2
A34: ='DataBase (IMO form)'!#REF! -> #REF! | B34: ='DataBase (IMO form)'!#REF! -> #REF! | C34: ='DataBase (IMO form)'!#REF! -> #REF! | D34: ='DataBase (IMO form)'!#REF! -> #REF! | E34: ='DataBase (IMO form)'!#REF! -> #REF! | F34: ='DataBase (IMO form)'!#REF! -> #REF! | G34: ='DataBase (IMO form)'!#REF! -> #REF! | H34: Pfizer-BioNTech | I34: 2
A35: ='DataBase (IMO form)'!#REF! -> #REF! | B35: ='DataBase (IMO form)'!#REF! -> #REF! | C35: ='DataBase (IMO form)'!#REF! -> #REF! | D35: ='DataBase (IMO form)'!#REF! -> #REF! | E35: ='DataBase (IMO form)'!#REF! -> #REF! | F35: ='DataBase (IMO form)'!#REF! -> #REF! | G35: ='DataBase (IMO form)'!#REF! -> #REF! | H35: Pfizer-BioNTech | I35: 2
A36: ='DataBase (IMO form)'!#REF! -> #REF! | B36: ='DataBase (IMO form)'!#REF! -> #REF! | C36: ='DataBase (IMO form)'!#REF! -> #REF! | D36: ='DataBase (IMO form)'!#REF! -> #REF! | E36: ='DataBase (IMO form)'!#REF! -> #REF! | F36: ='DataBase (IMO form)'!#REF! -> #REF! | G36: ='DataBase (IMO form)'!#REF! -> #REF! | H36: Pfizer-BioNTech | I36: 2
A37: ='DataBase (IMO form)'!#REF! -> #REF! | B37: ='DataBase (IMO form)'!#REF! -> #REF! | C37: ='DataBase (IMO form)'!#REF! -> #REF! | D37: ='DataBase (IMO form)'!#REF! -> #REF! | E37: ='DataBase (IMO form)'!#REF! -> #REF! | F37: ='DataBase (IMO form)'!#REF! -> #REF! | G37: ='DataBase (IMO form)'!#REF! -> #REF! | H37: Pfizer-BioNTech | I37: 2
A38: ='DataBase (IMO form)'!#REF! -> #REF! | B38: ='DataBase (IMO form)'!#REF! -> #REF! | C38: ='DataBase (IMO form)'!#REF! -> #REF! | D38: ='DataBase (IMO form)'!#REF! -> #REF! | E38: ='DataBase (IMO form)'!#REF! -> #REF! | F38: ='DataBase (IMO form)'!#REF! -> #REF! | G38: ='DataBase (IMO form)'!#REF! -> #REF! | H38: Pfizer-BioNTech | I38: 2
G40: =M.Menu!S15 -> CAPT. WENDT ROBERT
G41: MASTER
